/*******************************************************************************
 * Size: 72 px
 * Bpp: 1
 * Opts: generated from NotoSansCJKsc-Regular.otf, matching the character
 *       coverage of SourceHanSansSC_Regular_slim (see gen_font_12px.py)
 ******************************************************************************/

#ifdef LV_LVGL_H_INCLUDE_SIMPLE
#include "lvgl.h"
#else
#include "lvgl/lvgl.h"
#endif

#ifndef TEMPDIGITS72
#define TEMPDIGITS72 1
#endif

#if TEMPDIGITS72

/*-----------------
 *    BITMAPS
 *----------------*/

static const uint8_t glyph_bitmap[] = {
    0x00, 0x7f, 0xcf, 0xf9, 0xfe, 0x3f, 0xc7, 0xf8, 0xff, 0x1f, 0xe3, 0xfc,
    0x7f, 0x8f, 0xf1, 0xfe, 0x1f, 0xc3, 0xf8, 0x7f, 0x0f, 0xe1, 0xfc, 0x3f,
    0x87, 0xf0, 0xfe, 0x1f, 0xc3, 0xf8, 0x7f, 0x0f, 0xe1, 0xfc, 0x3f, 0x87,
    0xf0, 0xfe, 0x1f, 0xc3, 0xf0, 0x7e, 0x0f, 0xc1, 0xf8, 0x3f, 0x07, 0xe0,
    0xfc, 0x1f, 0x81, 0xf0, 0x00, 0x00, 0x00, 0x00, 0x00, 0x00, 0x00, 0x00,
    0x06, 0x03, 0xf8, 0xff, 0xbf, 0xf7, 0xff, 0xff, 0xff, 0xff, 0xff, 0xff,
    0xe7, 0xfc, 0x7f, 0x07, 0xc0, 0xff, 0x80, 0xff, 0xff, 0xc0, 0x7f, 0xff,
    0xe0, 0x3f, 0xff, 0xf0, 0x1f, 0xff, 0xf8, 0x0f, 0xfb, 0xfc, 0x07, 0xfd,
    0xfe, 0x03, 0xfe, 0xff, 0x01, 0xff, 0x7f, 0x80, 0xff, 0xbf, 0xc0, 0x3f,
    0xdf, 0xe0, 0x1f, 0xcf, 0xe0, 0x0f, 0xe7, 0xf0, 0x07, 0xf3, 0xf8, 0x03,
    0xf9, 0xfc, 0x01, 0xfc, 0xfe, 0x00, 0xfe, 0x7f, 0x00, 0x7f, 0x1f, 0x80,
    0x3f, 0x8f, 0xc0, 0x0f, 0x87, 0xe0, 0x07, 0xc3, 0xe0, 0x03, 0xe1, 0xf0,
    0x01, 0xf0, 0xf8, 0x00, 0xf8, 0x00, 0x1f, 0x00, 0x3e, 0x00, 0x03, 0xf0,
    0x03, 0xe0, 0x00, 0x3e, 0x00, 0x7e, 0x00, 0x03, 0xe0, 0x07, 0xc0, 0x00,
    0x3e, 0x00, 0x7c, 0x00, 0x03, 0xe0, 0x07, 0xc0, 0x00, 0x3e, 0x00, 0x7c,
    0x00, 0x03, 0xe0, 0x07, 0xc0, 0x00, 0x3e, 0x00, 0x7c, 0x00, 0x07, 0xe0,
    0x07, 0xc0, 0x00, 0x7c, 0x00, 0xfc, 0x00, 0x07, 0xc0, 0x0f, 0x80, 0x00,
    0x7c, 0x00, 0xf8, 0x00, 0x07, 0xc0, 0x0f, 0x80, 0x7f, 0xff, 0xff, 0xff,
    0xf7, 0xff, 0xff, 0xff, 0xff, 0x7f, 0xff, 0xff, 0xff, 0xf7, 0xff, 0xff,
    0xff, 0xff, 0x7f, 0xff, 0xff, 0xff, 0xf7, 0xff, 0xff, 0xff, 0xff, 0x00,
    0xf8, 0x01, 0xf0, 0x00, 0x0f, 0x80, 0x1f, 0x00, 0x00, 0xf8, 0x01, 0xf0,
    0x00, 0x0f, 0x80, 0x1f, 0x00, 0x00, 0xf8, 0x01, 0xf0, 0x00, 0x1f, 0x80,
    0x1f, 0x00, 0x01, 0xf0, 0x03, 0xf0, 0x00, 0x1f, 0x00, 0x3e, 0x00, 0x01,
    0xf0, 0x03, 0xe0, 0x00, 0x1f, 0x00, 0x3e, 0x00, 0xff, 0xff, 0xff, 0xff,
    0xcf, 0xff, 0xff, 0xff, 0xfc, 0xff, 0xff, 0xff, 0xff, 0xcf, 0xff, 0xff,
    0xff, 0xfc, 0xff, 0xff, 0xff, 0xff, 0xcf, 0xff, 0xff, 0xff, 0xfc, 0x03,
    0xe0, 0x07, 0xc0, 0x00, 0x3e, 0x00, 0x7c, 0x00, 0x03, 0xe0, 0x07, 0xc0,
    0x00, 0x3e, 0x00, 0x7c, 0x00, 0x03, 0xe0, 0x07, 0xc0, 0x00, 0x7e, 0x00,
    0x7c, 0x00, 0x07, 0xe0, 0x0f, 0xc0, 0x00, 0x7c, 0x00, 0xfc, 0x00, 0x07,
    0xc0, 0x0f, 0x80, 0x00, 0x7c, 0x00, 0xf8, 0x00, 0x07, 0xc0, 0x0f, 0x80,
    0x00, 0x7c, 0x00, 0xf8, 0x00, 0x07, 0xc0, 0x0f, 0x80, 0x00, 0xfc, 0x00,
    0xf8, 0x00, 0x0f, 0xc0, 0x1f, 0x80, 0x00, 0xf8, 0x01, 0xf8, 0x00, 0x00,
    0x03, 0xf0, 0x00, 0x00, 0x03, 0xf0, 0x00, 0x00, 0x03, 0xf0, 0x00, 0x00,
    0x03, 0xf0, 0x00, 0x00, 0x03, 0xf0, 0x00, 0x00, 0x03, 0xf0, 0x00, 0x00,
    0x03, 0xf0, 0x00, 0x00, 0x03, 0xf0, 0x00, 0x00, 0x03, 0xf8, 0x00, 0x00,
    0x3f, 0xff, 0x00, 0x00, 0xff, 0xff, 0xc0, 0x01, 0xff, 0xff, 0xf0, 0x03,
    0xff, 0xff, 0xf8, 0x07, 0xff, 0xff, 0xfc, 0x0f, 0xff, 0xff, 0xfe, 0x1f,
    0xfc, 0x07, 0xfc, 0x1f, 0xf0, 0x01, 0xfc, 0x1f, 0xe0, 0x00, 0x78, 0x3f,
    0xe0, 0x00, 0x30, 0x3f, 0xc0, 0x00, 0x00, 0x3f, 0xc0, 0x00, 0x00, 0x3f,
    0xc0, 0x00, 0x00, 0x3f, 0xc0, 0x00, 0x00, 0x3f, 0xc0, 0x00, 0x00, 0x3f,
    0xc0, 0x00, 0x00, 0x3f, 0xe0, 0x00, 0x00, 0x3f, 0xf0, 0x00, 0x00, 0x1f,
    0xf8, 0x00, 0x00, 0x1f, 0xfc, 0x00, 0x00, 0x0f, 0xfe, 0x00, 0x00, 0x07,
    0xff, 0x80, 0x00, 0x03, 0xff, 0xe0, 0x00, 0x01, 0xff, 0xf8, 0x00, 0x00,
    0xff, 0xfe, 0x00, 0x00, 0x7f, 0xff, 0x80, 0x00, 0x1f, 0xff, 0xc0, 0x00,
    0x07, 0xff, 0xe0, 0x00, 0x01, 0xff, 0xf8, 0x00, 0x00, 0x7f, 0xf8, 0x00,
    0x00, 0x1f, 0xfc, 0x00, 0x00, 0x0f, 0xfe, 0x00, 0x00, 0x07, 0xfe, 0x00,
    0x00, 0x03, 0xfe, 0x00, 0x00, 0x01, 0xff, 0x00, 0x00, 0x01, 0xff, 0x00,
    0x00, 0x00, 0xff, 0x00, 0x00, 0x00, 0xff, 0x00, 0x00, 0x00, 0xff, 0x00,
    0x00, 0x00, 0xff, 0x00, 0x00, 0x00, 0xff, 0x10, 0x00, 0x00, 0xff, 0x1c,
    0x00, 0x01, 0xff, 0x3e, 0x00, 0x01, 0xfe, 0x7f, 0x80, 0x03, 0xfe, 0x7f,
    0xe0, 0x0f, 0xfe, 0xff, 0xff, 0xff, 0xfc, 0x7f, 0xff, 0xff, 0xf8, 0x3f,
    0xff, 0xff, 0xf0, 0x0f, 0xff, 0xff, 0xe0, 0x03, 0xff, 0xff, 0xc0, 0x00,
    0xff, 0xff, 0x00, 0x00, 0x1f, 0xfc, 0x00, 0x00, 0x03, 0xf0, 0x00, 0x00,
    0x03, 0xf0, 0x00, 0x00, 0x03, 0xf0, 0x00, 0x00, 0x03, 0xf0, 0x00, 0x00,
    0x03, 0xf0, 0x00, 0x00, 0x03, 0xf0, 0x00, 0x00, 0x03, 0xf0, 0x00, 0x00,
    0x03, 0xf0, 0x00, 0x00, 0xfe, 0x00, 0x00, 0x00, 0x3f, 0x00, 0x00, 0x0f,
    0xff, 0x00, 0x00, 0x00, 0xf8, 0x00, 0x00, 0x7f, 0xfe, 0x00, 0x00, 0x07,
    0xe0, 0x00, 0x03, 0xff, 0xfc, 0x00, 0x00, 0x1f, 0x00, 0x00, 0x1f, 0xff,
    0xf8, 0x00, 0x00, 0xfc, 0x00, 0x00, 0xff, 0x0f, 0xf0, 0x00, 0x03, 0xe0,
    0x00, 0x03, 0xf0, 0x0f, 0xc0, 0x00, 0x1f, 0x00, 0x00, 0x1f, 0xc0, 0x3f,
    0x80, 0x00, 0x7c, 0x00, 0x00, 0x7e, 0x00, 0x7e, 0x00, 0x03, 0xe0, 0x00,
    0x03, 0xf8, 0x01, 0xfc, 0x00, 0x0f, 0x80, 0x00, 0x0f, 0xc0, 0x03, 0xf0,
    0x00, 0x7c, 0x00, 0x00, 0x3f, 0x00, 0x0f, 0xc0, 0x01, 0xf0, 0x00, 0x00,
    0xfc, 0x00, 0x3f, 0x00, 0x0f, 0x80, 0x00, 0x03, 0xf0, 0x00, 0xfc, 0x00,
    0x3e, 0x00, 0x00, 0x0f, 0xc0, 0x03, 0xf0, 0x01, 0xf0, 0x00, 0x00, 0x3f,
    0x00, 0x0f, 0xc0, 0x0f, 0xc0, 0x00, 0x00, 0xfc, 0x00, 0x3f, 0x00, 0x3e,
    0x00, 0x00, 0x03, 0xf0, 0x00, 0xfc, 0x01, 0xf8, 0x00, 0x00, 0x0f, 0xc0,
    0x03, 0xf0, 0x07, 0xc0, 0x00, 0x00, 0x3f, 0x00, 0x0f, 0xc0, 0x3f, 0x00,
    0x00, 0x00, 0xfc, 0x00, 0x3f, 0x00, 0xf8, 0x00, 0x00, 0x03, 0xf0, 0x00,
    0xfc, 0x07, 0xe0, 0x07, 0xe0, 0x0f, 0xc0, 0x03, 0xf0, 0x1f, 0x00, 0xff,
    0xe0, 0x3f, 0x80, 0x1f, 0xc0, 0xfc, 0x07, 0xff, 0xc0, 0x7e, 0x00, 0x7e,
    0x03, 0xe0, 0x3f, 0xff, 0xc1, 0xf8, 0x01, 0xf8, 0x1f, 0x01, 0xff, 0xff,
    0x07, 0xf0, 0x0f, 0xe0, 0x7c, 0x0f, 0xf0, 0xfe, 0x0f, 0xe0, 0x7f, 0x03,
    0xe0, 0x7f, 0x01, 0xfc, 0x3f, 0xc3, 0xf8, 0x0f, 0x81, 0xf8, 0x03, 0xf0,
    0x7f, 0xff, 0xe0, 0x7c, 0x07, 0xe0, 0x0f, 0xe0, 0xff, 0xff, 0x01, 0xf0,
    0x3f, 0x00, 0x1f, 0x81, 0xff, 0xf8, 0x0f, 0x80, 0xfc, 0x00, 0x7e, 0x01,
    0xff, 0x80, 0x7e, 0x03, 0xf0, 0x01, 0xf8, 0x01, 0xf8, 0x01, 0xf0, 0x0f,
    0xc0, 0x03, 0xf0, 0x00, 0x00, 0x0f, 0xc0, 0x7f, 0x00, 0x0f, 0xc0, 0x00,
    0x00, 0x3e, 0x01, 0xf8, 0x00, 0x3f, 0x00, 0x00, 0x01, 0xf8, 0x07, 0xe0,
    0x00, 0xfc, 0x00, 0x00, 0x07, 0xc0, 0x1f, 0x80, 0x03, 0xf0, 0x00, 0x00,
    0x3f, 0x00, 0x7e, 0x00, 0x0f, 0xc0, 0x00, 0x00, 0xf8, 0x01, 0xf8, 0x00,
    0x3f, 0x00, 0x00, 0x07, 0xe0, 0x07, 0xe0, 0x00, 0xfc, 0x00, 0x00, 0x1f,
    0x00, 0x1f, 0x80, 0x03, 0xf0, 0x00, 0x00, 0xf8, 0x00, 0x7f, 0x00, 0x0f,
    0xc0, 0x00, 0x03, 0xe0, 0x00, 0xfc, 0x00, 0x3f, 0x00, 0x00, 0x1f, 0x00,
    0x03, 0xf0, 0x01, 0xf8, 0x00, 0x00, 0x7c, 0x00, 0x0f, 0xc0, 0x07, 0xe0,
    0x00, 0x03, 0xe0, 0x00, 0x3f, 0x80, 0x1f, 0x80, 0x00, 0x0f, 0x80, 0x00,
    0x7e, 0x00, 0xfc, 0x00, 0x00, 0x7c, 0x00, 0x01, 0xfc, 0x07, 0xf0, 0x00,
    0x01, 0xf0, 0x00, 0x03, 0xf8, 0x3f, 0x80, 0x00, 0x0f, 0x80, 0x00, 0x07,
    0xff, 0xfe, 0x00, 0x00, 0x7e, 0x00, 0x00, 0x1f, 0xff, 0xf0, 0x00, 0x01,
    0xf0, 0x00, 0x00, 0x3f, 0xff, 0x80, 0x00, 0x0f, 0xc0, 0x00, 0x00, 0x3f,
    0xf8, 0x00, 0x00, 0x3e, 0x00, 0x00, 0x00, 0x3f, 0x80, 0x00, 0x00, 0x00,
    0xff, 0x00, 0x00, 0x00, 0x00, 0x03, 0xff, 0xc0, 0x00, 0x00, 0x00, 0x0f,
    0xff, 0xf0, 0x00, 0x00, 0x00, 0x1f, 0xff, 0xf8, 0x00, 0x00, 0x00, 0x3f,
    0xff, 0xfc, 0x00, 0x00, 0x00, 0x7f, 0xff, 0xfc, 0x00, 0x00, 0x00, 0x7f,
    0x81, 0xfe, 0x00, 0x00, 0x00, 0xff, 0x00, 0xfe, 0x00, 0x00, 0x00, 0xfe,
    0x00, 0xfe, 0x00, 0x00, 0x00, 0xfe, 0x00, 0x7e, 0x00, 0x00, 0x01, 0xfc,
    0x00, 0x7e, 0x00, 0x00, 0x01, 0xfc, 0x00, 0x7e, 0x00, 0x00, 0x01, 0xfc,
    0x00, 0x7e, 0x00, 0x00, 0x01, 0xfc, 0x00, 0xfe, 0x00, 0x00, 0x01, 0xfc,
    0x00, 0xfe, 0x00, 0x00, 0x01, 0xfc, 0x01, 0xfc, 0x00, 0x00, 0x00, 0xfe,
    0x03, 0xfc, 0x00, 0x00, 0x00, 0xfe, 0x07, 0xf8, 0x00, 0x00, 0x00, 0xfe,
    0x0f, 0xf8, 0x00, 0x00, 0x00, 0xff, 0x1f, 0xf0, 0x00, 0x00, 0x00, 0x7f,
    0x3f, 0xe0, 0x00, 0x00, 0x00, 0x7f, 0xff, 0xc0, 0x00, 0x00, 0x00, 0x7f,
    0xff, 0x80, 0x00, 0x00, 0x00, 0x3f, 0xff, 0x00, 0x00, 0x00, 0x00, 0x3f,
    0xfc, 0x00, 0x00, 0x00, 0x00, 0x3f, 0xf8, 0x00, 0x01, 0xfe, 0x00, 0xff,
    0xf0, 0x00, 0x01, 0xfc, 0x01, 0xff, 0xf0, 0x00, 0x01, 0xfc, 0x03, 0xff,
    0xf8, 0x00, 0x03, 0xfc, 0x07, 0xff, 0xfc, 0x00, 0x03, 0xf8, 0x0f, 0xff,
    0xfe, 0x00, 0x07, 0xf8, 0x1f, 0xf9, 0xff, 0x00, 0x07, 0xf8, 0x1f, 0xf1,
    0xff, 0x80, 0x07, 0xf0, 0x3f, 0xe0, 0xff, 0xc0, 0x0f, 0xf0, 0x3f, 0xc0,
    0x7f, 0xc0, 0x0f, 0xe0, 0x7f, 0xc0, 0x3f, 0xe0, 0x1f, 0xe0, 0x7f, 0x80,
    0x1f, 0xf8, 0x3f, 0xc0, 0x7f, 0x80, 0x0f, 0xfc, 0x3f, 0xc0, 0xff, 0x80,
    0x0f, 0xfe, 0x7f, 0x80, 0xff, 0x00, 0x07, 0xff, 0xff, 0x80, 0xff, 0x00,
    0x03, 0xff, 0xff, 0x00, 0xff, 0x80, 0x01, 0xff, 0xfe, 0x00, 0x7f, 0x80,
    0x00, 0xff, 0xfe, 0x00, 0x7f, 0x80, 0x00, 0x3f, 0xfc, 0x00, 0x7f, 0xc0,
    0x00, 0x1f, 0xfe, 0x00, 0x7f, 0xe0, 0x00, 0x3f, 0xff, 0x80, 0x3f, 0xf0,
    0x00, 0x7f, 0xff, 0xe0, 0x3f, 0xf8, 0x01, 0xff, 0xff, 0xf8, 0x1f, 0xff,
    0xff, 0xff, 0xff, 0xfe, 0x0f, 0xff, 0xff, 0xff, 0x7f, 0xfe, 0x07, 0xff,
    0xff, 0xfe, 0x1f, 0xfe, 0x03, 0xff, 0xff, 0xfc, 0x07, 0xfc, 0x01, 0xff,
    0xff, 0xf0, 0x01, 0xfc, 0x00, 0x7f, 0xff, 0xc0, 0x00, 0x7c, 0x00, 0x0f,
    0xfc, 0x00, 0x00, 0x0c, 0xff, 0xff, 0xff, 0xff, 0xff, 0xfb, 0xfd, 0xfe,
    0xff, 0x7f, 0xbf, 0xdf, 0xef, 0xe7, 0xf3, 0xf9, 0xfc, 0xfe, 0x7f, 0x1f,
    0x8f, 0xc7, 0xe3, 0xe1, 0xf0, 0xf8, 0x00, 0x10, 0x00, 0x3c, 0x00, 0x3f,
    0x00, 0x7f, 0x00, 0x7e, 0x00, 0xfe, 0x00, 0xfc, 0x01, 0xfc, 0x01, 0xf8,
    0x03, 0xf8, 0x03, 0xf0, 0x07, 0xf0, 0x07, 0xf0, 0x07, 0xe0, 0x0f, 0xe0,
    0x0f, 0xc0, 0x1f, 0xc0, 0x1f, 0xc0, 0x1f, 0xc0, 0x1f, 0x80, 0x3f, 0x80,
    0x3f, 0x80, 0x3f, 0x80, 0x3f, 0x00, 0x3f, 0x00, 0x7f, 0x00, 0x7f, 0x00,
    0x7f, 0x00, 0x7f, 0x00, 0x7f, 0x00, 0x7f, 0x00, 0x7e, 0x00, 0x7e, 0x00,
    0xfe, 0x00, 0xfe, 0x00, 0xfe, 0x00, 0xfe, 0x00, 0xfe, 0x00, 0xfe, 0x00,
    0xfe, 0x00, 0xfe, 0x00, 0xfe, 0x00, 0x7e, 0x00, 0x7e, 0x00, 0x7f, 0x00,
    0x7f, 0x00, 0x7f, 0x00, 0x7f, 0x00, 0x7f, 0x00, 0x7f, 0x00, 0x3f, 0x00,
    0x3f, 0x80, 0x3f, 0x80, 0x3f, 0x80, 0x1f, 0x80, 0x1f, 0x80, 0x1f, 0xc0,
    0x1f, 0xc0, 0x0f, 0xc0, 0x0f, 0xe0, 0x0f, 0xe0, 0x07, 0xe0, 0x07, 0xf0,
    0x03, 0xf0, 0x03, 0xf8, 0x03, 0xf8, 0x01, 0xf8, 0x01, 0xfc, 0x00, 0xfc,
    0x00, 0xfe, 0x00, 0x7f, 0x00, 0x3f, 0x00, 0x3c, 0x00, 0x10, 0x04, 0x00,
    0x1c, 0x00, 0xfe, 0x00, 0x7e, 0x00, 0x7f, 0x00, 0x3f, 0x00, 0x3f, 0x80,
    0x1f, 0x80, 0x1f, 0xc0, 0x0f, 0xc0, 0x0f, 0xe0, 0x07, 0xe0, 0x07, 0xf0,
    0x07, 0xf0, 0x03, 0xf0, 0x03, 0xf8, 0x03, 0xf8, 0x01, 0xf8, 0x01, 0xfc,
    0x01, 0xfc, 0x01, 0xfc, 0x00, 0xfc, 0x00, 0xfe, 0x00, 0xfe, 0x00, 0xfe,
    0x00, 0xfe, 0x00, 0x7e, 0x00, 0x7f, 0x00, 0x7f, 0x00, 0x7f, 0x00, 0x7f,
    0x00, 0x7f, 0x00, 0x7f, 0x00, 0x7f, 0x00, 0x7f, 0x00, 0x7f, 0x00, 0x7f,
    0x00, 0x7f, 0x00, 0x7f, 0x00, 0x7f, 0x00, 0x7f, 0x00, 0x7f, 0x00, 0x7f,
    0x00, 0x7f, 0x00, 0x7f, 0x00, 0x7f, 0x00, 0x7f, 0x00, 0x7e, 0x00, 0xfe,
    0x00, 0xfe, 0x00, 0xfe, 0x00, 0xfe, 0x00, 0xfe, 0x00, 0xfc, 0x01, 0xfc,
    0x01, 0xfc, 0x01, 0xf8, 0x03, 0xf8, 0x03, 0xf8, 0x03, 0xf0, 0x07, 0xf0,
    0x07, 0xf0, 0x07, 0xe0, 0x0f, 0xe0, 0x0f, 0xe0, 0x1f, 0xc0, 0x1f, 0xc0,
    0x1f, 0x80, 0x3f, 0x80, 0x3f, 0x00, 0x7f, 0x00, 0xfe, 0x00, 0x3c, 0x00,
    0x0c, 0x00, 0x00, 0x1f, 0x00, 0x00, 0x03, 0xe0, 0x00, 0x00, 0x7c, 0x00,
    0x00, 0x0f, 0x80, 0x00, 0x01, 0xf0, 0x00, 0x00, 0x3e, 0x00, 0x00, 0x0f,
    0xc0, 0x03, 0xe1, 0xf8, 0x3c, 0x7f, 0xff, 0xff, 0xcf, 0xff, 0xff, 0xfb,
    0xff, 0xff, 0xff, 0x3f, 0xff, 0xff, 0xc0, 0xff, 0xff, 0xe0, 0x07, 0xff,
    0xf0, 0x00, 0x3f, 0xf0, 0x00, 0x07, 0xff, 0x00, 0x01, 0xff, 0xf0, 0x00,
    0x3f, 0xfe, 0x00, 0x0f, 0xef, 0xe0, 0x03, 0xf8, 0xfc, 0x00, 0x7e, 0x0f,
    0xc0, 0x1f, 0x81, 0xfc, 0x03, 0xf0, 0x1f, 0x80, 0x3c, 0x01, 0xc0, 0x01,
    0x00, 0x10, 0x00, 0x00, 0x03, 0xf8, 0x00, 0x00, 0x00, 0x7f, 0x00, 0x00,
    0x00, 0x0f, 0xe0, 0x00, 0x00, 0x01, 0xfc, 0x00, 0x00, 0x00, 0x3f, 0x80,
    0x00, 0x00, 0x07, 0xf0, 0x00, 0x00, 0x00, 0xfe, 0x00, 0x00, 0x00, 0x1f,
    0xc0, 0x00, 0x00, 0x03, 0xf8, 0x00, 0x00, 0x00, 0x7f, 0x00, 0x00, 0x00,
    0x0f, 0xe0, 0x00, 0x00, 0x01, 0xfc, 0x00, 0x00, 0x00, 0x3f, 0x80, 0x00,
    0x00, 0x07, 0xf0, 0x00, 0x00, 0x00, 0xfe, 0x00, 0x00, 0x00, 0x1f, 0xc0,
    0x00, 0xff, 0xff, 0xff, 0xff, 0xff, 0xff, 0xff, 0xff, 0xff, 0xff, 0xff,
    0xff, 0xff, 0xff, 0xff, 0xff, 0xff, 0xff, 0xff, 0xff, 0xff, 0xff, 0xff,
    0xff, 0xff, 0xff, 0xc0, 0x00, 0xfe, 0x00, 0x00, 0x00, 0x1f, 0xc0, 0x00,
    0x00, 0x03, 0xf8, 0x00, 0x00, 0x00, 0x7f, 0x00, 0x00, 0x00, 0x0f, 0xe0,
    0x00, 0x00, 0x01, 0xfc, 0x00, 0x00, 0x00, 0x3f, 0x80, 0x00, 0x00, 0x07,
    0xf0, 0x00, 0x00, 0x00, 0xfe, 0x00, 0x00, 0x00, 0x1f, 0xc0, 0x00, 0x00,
    0x03, 0xf8, 0x00, 0x00, 0x00, 0x7f, 0x00, 0x00, 0x00, 0x0f, 0xe0, 0x00,
    0x00, 0x01, 0xfc, 0x00, 0x00, 0x00, 0x3f, 0x80, 0x00, 0x00, 0x07, 0xf0,
    0x00, 0x00, 0x03, 0x00, 0xff, 0x0f, 0xfc, 0x7f, 0xe7, 0xff, 0xbf, 0xfd,
    0xff, 0xe7, 0xff, 0x3f, 0xf8, 0xff, 0xc3, 0xfe, 0x01, 0xf0, 0x0f, 0x80,
    0xfc, 0x07, 0xe0, 0x7e, 0x03, 0xf0, 0x3f, 0x03, 0xf8, 0x7f, 0x8f, 0xf8,
    0x7f, 0x83, 0xf8, 0x0f, 0x80, 0x70, 0x00, 0xff, 0xff, 0xff, 0xff, 0xff,
    0xff, 0xff, 0xff, 0xff, 0xff, 0xff, 0xff, 0xff, 0xff, 0xc0, 0x06, 0x07,
    0xf1, 0xff, 0x3f, 0xff, 0xff, 0xff, 0xff, 0xff, 0xff, 0x7f, 0xef, 0xf8,
    0xff, 0x0f, 0x80, 0x00, 0x00, 0x0f, 0x80, 0x00, 0x07, 0xe0, 0x00, 0x01,
    0xf8, 0x00, 0x00, 0x7c, 0x00, 0x00, 0x3f, 0x00, 0x00, 0x0f, 0xc0, 0x00,
    0x03, 0xf0, 0x00, 0x00, 0xf8, 0x00, 0x00, 0x7e, 0x00, 0x00, 0x1f, 0x80,
    0x00, 0x07, 0xc0, 0x00, 0x03, 0xf0, 0x00, 0x00, 0xfc, 0x00, 0x00, 0x3f,
    0x00, 0x00, 0x0f, 0x80, 0x00, 0x07, 0xe0, 0x00, 0x01, 0xf8, 0x00, 0x00,
    0x7c, 0x00, 0x00, 0x3f, 0x00, 0x00, 0x0f, 0xc0, 0x00, 0x03, 0xf0, 0x00,
    0x00, 0xf8, 0x00, 0x00, 0x7e, 0x00, 0x00, 0x1f, 0x80, 0x00, 0x07, 0xe0,
    0x00, 0x03, 0xf0, 0x00, 0x00, 0xfc, 0x00, 0x00, 0x3f, 0x00, 0x00, 0x0f,
    0x80, 0x00, 0x07, 0xe0, 0x00, 0x01, 0xf8, 0x00, 0x00, 0x7e, 0x00, 0x00,
    0x1f, 0x00, 0x00, 0x0f, 0xc0, 0x00, 0x03, 0xf0, 0x00, 0x00, 0xf8, 0x00,
    0x00, 0x7e, 0x00, 0x00, 0x1f, 0x80, 0x00, 0x07, 0xe0, 0x00, 0x01, 0xf0,
    0x00, 0x00, 0xfc, 0x00, 0x00, 0x3f, 0x00, 0x00, 0x0f, 0x80, 0x00, 0x07,
    0xe0, 0x00, 0x01, 0xf8, 0x00, 0x00, 0x7e, 0x00, 0x00, 0x1f, 0x00, 0x00,
    0x0f, 0xc0, 0x00, 0x03, 0xf0, 0x00, 0x00, 0xf8, 0x00, 0x00, 0x7e, 0x00,
    0x00, 0x1f, 0x80, 0x00, 0x07, 0xe0, 0x00, 0x01, 0xf0, 0x00, 0x00, 0xfc,
    0x00, 0x00, 0x3f, 0x00, 0x00, 0x0f, 0xc0, 0x00, 0x07, 0xe0, 0x00, 0x01,
    0xf8, 0x00, 0x00, 0x7e, 0x00, 0x00, 0x1f, 0x00, 0x00, 0x0f, 0xc0, 0x00,
    0x03, 0xf0, 0x00, 0x00, 0xfc, 0x00, 0x00, 0x7e, 0x00, 0x00, 0x1f, 0x80,
    0x00, 0x07, 0xe0, 0x00, 0x01, 0xf0, 0x00, 0x00, 0xfc, 0x00, 0x00, 0x3f,
    0x00, 0x00, 0x00, 0x00, 0x07, 0xfc, 0x00, 0x00, 0x03, 0xff, 0xe0, 0x00,
    0x01, 0xff, 0xff, 0x00, 0x00, 0x7f, 0xff, 0xf0, 0x00, 0x1f, 0xff, 0xff,
    0x00, 0x07, 0xff, 0xff, 0xf0, 0x01, 0xff, 0xff, 0xff, 0x00, 0x3f, 0xe0,
    0x3f, 0xe0, 0x0f, 0xf8, 0x03, 0xfe, 0x01, 0xfe, 0x00, 0x3f, 0xc0, 0x7f,
    0x80, 0x03, 0xfc, 0x0f, 0xf0, 0x00, 0x7f, 0x83, 0xfc, 0x00, 0x07, 0xf8,
    0x7f, 0x80, 0x00, 0xff, 0x0f, 0xf0, 0x00, 0x1f, 0xe1, 0xfc, 0x00, 0x01,
    0xfc, 0x7f, 0x80, 0x00, 0x3f, 0xcf, 0xf0, 0x00, 0x07, 0xf9, 0xfe, 0x00,
    0x00, 0xff, 0x3f, 0xc0, 0x00, 0x1f, 0xe7, 0xf8, 0x00, 0x03, 0xfc, 0xff,
    0x00, 0x00, 0x7f, 0x9f, 0xe0, 0x00, 0x07, 0xf7, 0xfc, 0x00, 0x00, 0xff,
    0xff, 0x00, 0x00, 0x1f, 0xff, 0xe0, 0x00, 0x03, 0xff, 0xfc, 0x00, 0x00,
    0x7f, 0xff, 0x80, 0x00, 0x0f, 0xff, 0xf0, 0x00, 0x01, 0xff, 0xfe, 0x00,
    0x00, 0x3f, 0xff, 0xc0, 0x00, 0x07, 0xff, 0xf8, 0x00, 0x00, 0xff, 0x7f,
    0x80, 0x00, 0x1f, 0xcf, 0xf0, 0x00, 0x07, 0xf9, 0xfe, 0x00, 0x00, 0xff,
    0x3f, 0xc0, 0x00, 0x1f, 0xe7, 0xf8, 0x00, 0x03, 0xfc, 0xff, 0x00, 0x00,
    0x7f, 0x9f, 0xe0, 0x00, 0x0f, 0xf1, 0xfe, 0x00, 0x01, 0xfc, 0x3f, 0xc0,
    0x00, 0x7f, 0x87, 0xf8, 0x00, 0x0f, 0xf0, 0xff, 0x00, 0x01, 0xfe, 0x0f,
    0xf0, 0x00, 0x7f, 0x81, 0xfe, 0x00, 0x0f, 0xf0, 0x1f, 0xe0, 0x03, 0xfc,
    0x03, 0xfe, 0x00, 0xff, 0x80, 0x3f, 0xe0, 0x3f, 0xe0, 0x07, 0xff, 0xff,
    0xfc, 0x00, 0x7f, 0xff, 0xff, 0x00, 0x07, 0xff, 0xff, 0xc0, 0x00, 0x7f,
    0xff, 0xf0, 0x00, 0x07, 0xff, 0xfc, 0x00, 0x00, 0x3f, 0xfe, 0x00, 0x00,
    0x01, 0xff, 0x00, 0x00, 0x00, 0x07, 0xf0, 0x00, 0x00, 0x7f, 0xc0, 0x00,
    0x07, 0xff, 0x00, 0x01, 0xff, 0xfc, 0x00, 0x3f, 0xff, 0xf0, 0x00, 0xff,
    0xff, 0xc0, 0x03, 0xff, 0xff, 0x00, 0x0f, 0xff, 0xfc, 0x00, 0x3f, 0xff,
    0xf0, 0x00, 0x00, 0x3f, 0xc0, 0x00, 0x00, 0xff, 0x00, 0x00, 0x03, 0xfc,
    0x00, 0x00, 0x0f, 0xf0, 0x00, 0x00, 0x3f, 0xc0, 0x00, 0x00, 0xff, 0x00,
    0x00, 0x03, 0xfc, 0x00, 0x00, 0x0f, 0xf0, 0x00, 0x00, 0x3f, 0xc0, 0x00,
    0x00, 0xff, 0x00, 0x00, 0x03, 0xfc, 0x00, 0x00, 0x0f, 0xf0, 0x00, 0x00,
    0x3f, 0xc0, 0x00, 0x00, 0xff, 0x00, 0x00, 0x03, 0xfc, 0x00, 0x00, 0x0f,
    0xf0, 0x00, 0x00, 0x3f, 0xc0, 0x00, 0x00, 0xff, 0x00, 0x00, 0x03, 0xfc,
    0x00, 0x00, 0x0f, 0xf0, 0x00, 0x00, 0x3f, 0xc0, 0x00, 0x00, 0xff, 0x00,
    0x00, 0x03, 0xfc, 0x00, 0x00, 0x0f, 0xf0, 0x00, 0x00, 0x3f, 0xc0, 0x00,
    0x00, 0xff, 0x00, 0x00, 0x03, 0xfc, 0x00, 0x00, 0x0f, 0xf0, 0x00, 0x00,
    0x3f, 0xc0, 0x00, 0x00, 0xff, 0x00, 0x00, 0x03, 0xfc, 0x00, 0x00, 0x0f,
    0xf0, 0x00, 0x00, 0x3f, 0xc0, 0x00, 0x00, 0xff, 0x00, 0x00, 0x03, 0xfc,
    0x00, 0x00, 0x0f, 0xf0, 0x00, 0x00, 0x3f, 0xc0, 0x0f, 0xff, 0xff, 0xff,
    0xff, 0xff, 0xff, 0xff, 0xff, 0xff, 0xff, 0xff, 0xff, 0xff, 0xff, 0xff,
    0xff, 0xff, 0xff, 0xff, 0xff, 0xff, 0xff, 0xff, 0xff, 0xff, 0xfc, 0x00,
    0x1f, 0xf0, 0x00, 0x00, 0x3f, 0xff, 0x80, 0x00, 0x3f, 0xff, 0xf8, 0x00,
    0x1f, 0xff, 0xff, 0x80, 0x1f, 0xff, 0xff, 0xf0, 0x0f, 0xff, 0xff, 0xfe,
    0x07, 0xff, 0xff, 0xff, 0x83, 0xff, 0x80, 0x7f, 0xf0, 0xff, 0x80, 0x07,
    0xfc, 0x1f, 0xc0, 0x00, 0xff, 0x83, 0xc0, 0x00, 0x3f, 0xe0, 0x60, 0x00,
    0x07, 0xf8, 0x00, 0x00, 0x01, 0xff, 0x00, 0x00, 0x00, 0x7f, 0xc0, 0x00,
    0x00, 0x0f, 0xf0, 0x00, 0x00, 0x03, 0xfc, 0x00, 0x00, 0x00, 0xff, 0x00,
    0x00, 0x00, 0x3f, 0xc0, 0x00, 0x00, 0x0f, 0xf0, 0x00, 0x00, 0x07, 0xfc,
    0x00, 0x00, 0x01, 0xfe, 0x00, 0x00, 0x00, 0x7f, 0x80, 0x00, 0x00, 0x1f,
    0xe0, 0x00, 0x00, 0x0f, 0xf8, 0x00, 0x00, 0x03, 0xfc, 0x00, 0x00, 0x01,
    0xff, 0x00, 0x00, 0x00, 0x7f, 0x80, 0x00, 0x00, 0x3f, 0xe0, 0x00, 0x00,
    0x1f, 0xf0, 0x00, 0x00, 0x07, 0xfc, 0x00, 0x00, 0x03, 0xfe, 0x00, 0x00,
    0x01, 0xff, 0x00, 0x00, 0x00, 0x7f, 0xc0, 0x00, 0x00, 0x3f, 0xe0, 0x00,
    0x00, 0x1f, 0xf0, 0x00, 0x00, 0x0f, 0xfc, 0x00, 0x00, 0x07, 0xfe, 0x00,
    0x00, 0x03, 0xff, 0x00, 0x00, 0x01, 0xff, 0x80, 0x00, 0x00, 0xff, 0xc0,
    0x00, 0x00, 0x7f, 0xe0, 0x00, 0x00, 0x3f, 0xf0, 0x00, 0x00, 0x1f, 0xf8,
    0x00, 0x00, 0x0f, 0xfc, 0x00, 0x00, 0x07, 0xfe, 0x00, 0x00, 0x03, 0xff,
    0x00, 0x00, 0x01, 0xff, 0x80, 0x00, 0x00, 0xff, 0xff, 0xff, 0xff, 0x7f,
    0xff, 0xff, 0xff, 0xff, 0xff, 0xff, 0xff, 0xff, 0xff, 0xff, 0xff, 0xff,
    0xff, 0xff, 0xff, 0xff, 0xff, 0xff, 0xff, 0xff, 0xff, 0xff, 0xff, 0xff,
    0xf0, 0x00, 0x07, 0xfc, 0x00, 0x00, 0x0f, 0xff, 0xf0, 0x00, 0x07, 0xff,
    0xff, 0x80, 0x01, 0xff, 0xff, 0xfc, 0x00, 0xff, 0xff, 0xff, 0xc0, 0x3f,
    0xff, 0xff, 0xfc, 0x0f, 0xff, 0xff, 0xff, 0x80, 0xff, 0x80, 0x3f, 0xf8,
    0x1f, 0xc0, 0x03, 0xff, 0x01, 0xf0, 0x00, 0x3f, 0xf0, 0x18, 0x00, 0x03,
    0xfe, 0x00, 0x00, 0x00, 0x7f, 0xc0, 0x00, 0x00, 0x07, 0xf8, 0x00, 0x00,
    0x00, 0xff, 0x00, 0x00, 0x00, 0x1f, 0xe0, 0x00, 0x00, 0x03, 0xfc, 0x00,
    0x00, 0x00, 0x7f, 0x80, 0x00, 0x00, 0x1f, 0xf0, 0x00, 0x00, 0x03, 0xfe,
    0x00, 0x00, 0x00, 0xff, 0x80, 0x00, 0x00, 0x1f, 0xf0, 0x00, 0x00, 0x0f,
    0xfc, 0x00, 0x00, 0x07, 0xff, 0x00, 0x00, 0x0f, 0xff, 0xc0, 0x00, 0x1f,
    0xff, 0xf0, 0x00, 0x03, 0xff, 0xf8, 0x00, 0x00, 0x7f, 0xfc, 0x00, 0x00,
    0x0f, 0xff, 0xe0, 0x00, 0x01, 0xff, 0xff, 0x00, 0x00, 0x3f, 0xff, 0xf8,
    0x00, 0x00, 0x1f, 0xff, 0x80, 0x00, 0x00, 0x3f, 0xf8, 0x00, 0x00, 0x01,
    0xff, 0x80, 0x00, 0x00, 0x1f, 0xf0, 0x00, 0x00, 0x01, 0xff, 0x00, 0x00,
    0x00, 0x1f, 0xe0, 0x00, 0x00, 0x03, 0xfe, 0x00, 0x00, 0x00, 0x7f, 0xc0,
    0x00, 0x00, 0x07, 0xf8, 0x00, 0x00, 0x00, 0xff, 0x00, 0x00, 0x00, 0x1f,
    0xe0, 0x00, 0x00, 0x07, 0xfc, 0x00, 0x00, 0x00, 0xff, 0x8c, 0x00, 0x00,
    0x1f, 0xf3, 0xc0, 0x00, 0x07, 0xfc, 0x7e, 0x00, 0x01, 0xff, 0x9f, 0xf0,
    0x00, 0x7f, 0xe7, 0xff, 0x80, 0x3f, 0xfc, 0x7f, 0xff, 0xff, 0xff, 0x07,
    0xff, 0xff, 0xff, 0xc0, 0x7f, 0xff, 0xff, 0xf0, 0x03, 0xff, 0xff, 0xfc,
    0x00, 0x3f, 0xff, 0xff, 0x00, 0x01, 0xff, 0xff, 0x80, 0x00, 0x03, 0xff,
    0x00, 0x00, 0x00, 0x00, 0x07, 0xfe, 0x00, 0x00, 0x00, 0x1f, 0xf8, 0x00,
    0x00, 0x00, 0xff, 0xe0, 0x00, 0x00, 0x07, 0xff, 0x80, 0x00, 0x00, 0x1f,
    0xfe, 0x00, 0x00, 0x00, 0xff, 0xf8, 0x00, 0x00, 0x07, 0xff, 0xe0, 0x00,
    0x00, 0x1f, 0xff, 0x80, 0x00, 0x00, 0xfe, 0xfe, 0x00, 0x00, 0x03, 0xfb,
    0xf8, 0x00, 0x00, 0x1f, 0xcf, 0xe0, 0x00, 0x00, 0xff, 0x3f, 0x80, 0x00,
    0x03, 0xf8, 0xfe, 0x00, 0x00, 0x1f, 0xe3, 0xf8, 0x00, 0x00, 0xff, 0x1f,
    0xe0, 0x00, 0x03, 0xfc, 0x7f, 0x80, 0x00, 0x1f, 0xe1, 0xfe, 0x00, 0x00,
    0xff, 0x87, 0xf8, 0x00, 0x03, 0xfc, 0x1f, 0xe0, 0x00, 0x1f, 0xe0, 0x7f,
    0x80, 0x00, 0x7f, 0x81, 0xfe, 0x00, 0x03, 0xfc, 0x07, 0xf8, 0x00, 0x1f,
    0xe0, 0x1f, 0xe0, 0x00, 0x7f, 0x80, 0x7f, 0x80, 0x03, 0xfc, 0x01, 0xfe,
    0x00, 0x1f, 0xe0, 0x07, 0xf8, 0x00, 0x7f, 0x80, 0x1f, 0xe0, 0x03, 0xfc,
    0x00, 0x7f, 0x80, 0x0f, 0xe0, 0x01, 0xfe, 0x00, 0x7f, 0x80, 0x07, 0xf8,
    0x03, 0xfc, 0x00, 0x1f, 0xe0, 0x0f, 0xf0, 0x00, 0x7f, 0x80, 0x7f, 0x80,
    0x01, 0xfe, 0x03, 0xff, 0xff, 0xff, 0xff, 0xff, 0xff, 0xff, 0xff, 0xff,
    0xff, 0xff, 0xff, 0xff, 0xff, 0xff, 0xff, 0xff, 0xff, 0xff, 0xff, 0xff,
    0xff, 0xff, 0xff, 0xff, 0xff, 0xff, 0xff, 0xc0, 0x00, 0x00, 0x7f, 0x80,
    0x00, 0x00, 0x01, 0xfe, 0x00, 0x00, 0x00, 0x07, 0xf8, 0x00, 0x00, 0x00,
    0x1f, 0xe0, 0x00, 0x00, 0x00, 0x7f, 0x80, 0x00, 0x00, 0x01, 0xfe, 0x00,
    0x00, 0x00, 0x07, 0xf8, 0x00, 0x00, 0x00, 0x1f, 0xe0, 0x00, 0x00, 0x00,
    0x7f, 0x80, 0x00, 0x00, 0x01, 0xfe, 0x00, 0x00, 0x00, 0x07, 0xf8, 0x00,
    0x00, 0x00, 0x1f, 0xe0, 0x00, 0x00, 0x00, 0x7f, 0x80, 0x00, 0x00, 0x01,
    0xfe, 0x00, 0x03, 0xff, 0xff, 0xff, 0x80, 0x7f, 0xff, 0xff, 0xf0, 0x0f,
    0xff, 0xff, 0xfe, 0x01, 0xff, 0xff, 0xff, 0xc0, 0x7f, 0xff, 0xff, 0xf8,
    0x0f, 0xff, 0xff, 0xff, 0x01, 0xff, 0xff, 0xff, 0xe0, 0x3f, 0xc0, 0x00,
    0x00, 0x07, 0xf8, 0x00, 0x00, 0x00, 0xff, 0x00, 0x00, 0x00, 0x1f, 0xe0,
    0x00, 0x00, 0x03, 0xfc, 0x00, 0x00, 0x00, 0x7f, 0x00, 0x00, 0x00, 0x0f,
    0xe0, 0x00, 0x00, 0x01, 0xfc, 0x00, 0x00, 0x00, 0x3f, 0x80, 0x00, 0x00,
    0x07, 0xf0, 0x00, 0x00, 0x00, 0xfe, 0x00, 0x00, 0x00, 0x1f, 0xc0, 0x00,
    0x00, 0x03, 0xf8, 0xff, 0x80, 0x00, 0xff, 0xff, 0xfe, 0x00, 0x1f, 0xff,
    0xff, 0xe0, 0x03, 0xff, 0xff, 0xff, 0x00, 0x7f, 0xff, 0xff, 0xf0, 0x0f,
    0xff, 0xff, 0xff, 0x01, 0xff, 0x01, 0xff, 0xe0, 0x0f, 0x80, 0x0f, 0xfe,
    0x00, 0x40, 0x00, 0x7f, 0xe0, 0x00, 0x00, 0x07, 0xfc, 0x00, 0x00, 0x00,
    0xff, 0x80, 0x00, 0x00, 0x0f, 0xf8, 0x00, 0x00, 0x01, 0xff, 0x00, 0x00,
    0x00, 0x3f, 0xe0, 0x00, 0x00, 0x03, 0xfc, 0x00, 0x00, 0x00, 0x7f, 0x80,
    0x00, 0x00, 0x0f, 0xf0, 0x00, 0x00, 0x01, 0xfe, 0x00, 0x00, 0x00, 0x3f,
    0xc0, 0x00, 0x00, 0x07, 0xf8, 0x00, 0x00, 0x01, 0xff, 0x00, 0x00, 0x00,
    0x3f, 0xe0, 0x00, 0x00, 0x07, 0xf8, 0x60, 0x00, 0x01, 0xff, 0x1e, 0x00,
    0x00, 0x7f, 0xe3, 0xf0, 0x00, 0x1f, 0xf8, 0xff, 0x00, 0x07, 0xff, 0x3f,
    0xfc, 0x03, 0xff, 0xc3, 0xff, 0xff, 0xff, 0xf0, 0x3f, 0xff, 0xff, 0xfc,
    0x03, 0xff, 0xff, 0xff, 0x00, 0x3f, 0xff, 0xff, 0xc0, 0x01, 0xff, 0xff,
    0xf0, 0x00, 0x07, 0xff, 0xf8, 0x00, 0x00, 0x1f, 0xf8, 0x00, 0x00, 0x00,
    0x01, 0xff, 0x00, 0x00, 0x03, 0xff, 0xf8, 0x00, 0x01, 0xff, 0xff, 0x80,
    0x01, 0xff, 0xff, 0xf8, 0x00, 0xff, 0xff, 0xff, 0x00, 0x7f, 0xff, 0xff,
    0xe0, 0x3f, 0xff, 0xff, 0xf0, 0x1f, 0xfc, 0x03, 0xf8, 0x07, 0xfc, 0x00,
    0x3e, 0x03, 0xfe, 0x00, 0x07, 0x01, 0xff, 0x00, 0x00, 0x80, 0x7f, 0x80,
    0x00, 0x00, 0x3f, 0xe0, 0x00, 0x00, 0x0f, 0xf0, 0x00, 0x00, 0x03, 0xfc,
    0x00, 0x00, 0x01, 0xfe, 0x00, 0x00, 0x00, 0x7f, 0x80, 0x00, 0x00, 0x1f,
    0xe0, 0x00, 0x00, 0x07, 0xf0, 0x00, 0x00, 0x01, 0xfc, 0x00, 0x00, 0x00,
    0xff, 0x00, 0x00, 0x00, 0x3f, 0xc0, 0x3f, 0xc0, 0x0f, 0xf0, 0x7f, 0xfc,
    0x03, 0xfc, 0x7f, 0xff, 0xc0, 0xff, 0x3f, 0xff, 0xf8, 0x3f, 0xdf, 0xff,
    0xff, 0x0f, 0xff, 0xff, 0xff, 0xe3, 0xff, 0xf8, 0x1f, 0xfc, 0xff, 0xf8,
    0x01, 0xff, 0x3f, 0xf8, 0x00, 0x3f, 0xef, 0xfc, 0x00, 0x0f, 0xfb, 0xfe,
    0x00, 0x01, 0xfe, 0xff, 0x00, 0x00, 0x7f, 0xff, 0xc0, 0x00, 0x0f, 0xff,
    0xf0, 0x00, 0x03, 0xff, 0xfc, 0x00, 0x00, 0xff, 0xff, 0x00, 0x00, 0x3f,
    0xdf, 0xc0, 0x00, 0x0f, 0xf7, 0xf0, 0x00, 0x03, 0xfd, 0xfe, 0x00, 0x00,
    0xff, 0x7f, 0x80, 0x00, 0x3f, 0xcf, 0xe0, 0x00, 0x0f, 0xf3, 0xfc, 0x00,
    0x07, 0xf8, 0xff, 0x00, 0x01, 0xfe, 0x1f, 0xe0, 0x00, 0x7f, 0x87, 0xfc,
    0x00, 0x3f, 0xc0, 0xff, 0x80, 0x1f, 0xf0, 0x3f, 0xf0, 0x0f, 0xf8, 0x07,
    0xff, 0x9f, 0xfe, 0x00, 0xff, 0xff, 0xff, 0x00, 0x1f, 0xff, 0xff, 0x80,
    0x03, 0xff, 0xff, 0xc0, 0x00, 0x7f, 0xff, 0xe0, 0x00, 0x07, 0xff, 0xe0,
    0x00, 0x00, 0x3f, 0xc0, 0x00, 0xff, 0xff, 0xff, 0xff, 0xff, 0xff, 0xff,
    0xff, 0xff, 0xff, 0xff, 0xff, 0xff, 0xff, 0xff, 0xff, 0xff, 0xff, 0xff,
    0xff, 0xff, 0xff, 0xff, 0xff, 0xff, 0xef, 0xff, 0xff, 0xff, 0xf8, 0x00,
    0x00, 0x03, 0xfc, 0x00, 0x00, 0x01, 0xfe, 0x00, 0x00, 0x00, 0x7f, 0x00,
    0x00, 0x00, 0x3f, 0xc0, 0x00, 0x00, 0x1f, 0xe0, 0x00, 0x00, 0x07, 0xf0,
    0x00, 0x00, 0x03, 0xfc, 0x00, 0x00, 0x00, 0xfe, 0x00, 0x00, 0x00, 0x7f,
    0x80, 0x00, 0x00, 0x3f, 0xc0, 0x00, 0x00, 0x0f, 0xf0, 0x00, 0x00, 0x07,
    0xf8, 0x00, 0x00, 0x01, 0xfe, 0x00, 0x00, 0x00, 0x7f, 0x00, 0x00, 0x00,
    0x3f, 0xc0, 0x00, 0x00, 0x0f, 0xe0, 0x00, 0x00, 0x07, 0xf8, 0x00, 0x00,
    0x01, 0xfe, 0x00, 0x00, 0x00, 0x7f, 0x00, 0x00, 0x00, 0x3f, 0xc0, 0x00,
    0x00, 0x0f, 0xf0, 0x00, 0x00, 0x03, 0xf8, 0x00, 0x00, 0x01, 0xfe, 0x00,
    0x00, 0x00, 0x7f, 0x80, 0x00, 0x00, 0x1f, 0xe0, 0x00, 0x00, 0x0f, 0xf0,
    0x00, 0x00, 0x03, 0xfc, 0x00, 0x00, 0x00, 0xff, 0x00, 0x00, 0x00, 0x3f,
    0xc0, 0x00, 0x00, 0x0f, 0xf0, 0x00, 0x00, 0x07, 0xfc, 0x00, 0x00, 0x01,
    0xfe, 0x00, 0x00, 0x00, 0x7f, 0x80, 0x00, 0x00, 0x1f, 0xe0, 0x00, 0x00,
    0x07, 0xf8, 0x00, 0x00, 0x01, 0xfe, 0x00, 0x00, 0x00, 0x7f, 0x80, 0x00,
    0x00, 0x3f, 0xe0, 0x00, 0x00, 0x0f, 0xf8, 0x00, 0x00, 0x03, 0xfe, 0x00,
    0x00, 0x00, 0xff, 0x80, 0x00, 0x00, 0x3f, 0xe0, 0x00, 0x00, 0x0f, 0xf8,
    0x00, 0x00, 0x03, 0xfc, 0x00, 0x00, 0x00, 0xff, 0x00, 0x00, 0x00, 0x3f,
    0xc0, 0x00, 0x00, 0x00, 0x07, 0xfc, 0x00, 0x00, 0x07, 0xff, 0xf0, 0x00,
    0x01, 0xff, 0xff, 0x80, 0x00, 0xff, 0xff, 0xf8, 0x00, 0x3f, 0xff, 0xff,
    0x80, 0x0f, 0xff, 0xff, 0xf8, 0x01, 0xff, 0x81, 0xff, 0x80, 0x7f, 0xc0,
    0x0f, 0xf0, 0x0f, 0xf0, 0x00, 0xff, 0x03, 0xfc, 0x00, 0x1f, 0xe0, 0x7f,
    0x80, 0x01, 0xfc, 0x0f, 0xe0, 0x00, 0x3f, 0xc1, 0xfc, 0x00, 0x03, 0xf8,
    0x3f, 0x80, 0x00, 0x7f, 0x07, 0xf0, 0x00, 0x0f, 0xe0, 0xfe, 0x00, 0x01,
    0xfc, 0x1f, 0xe0, 0x00, 0x3f, 0x83, 0xfc, 0x00, 0x0f, 0xe0, 0x3f, 0xc0,
    0x01, 0xfc, 0x07, 0xf8, 0x00, 0x3f, 0x80, 0xff, 0x80, 0x0f, 0xe0, 0x0f,
    0xfc, 0x01, 0xfc, 0x00, 0xff, 0xe0, 0x7f, 0x00, 0x0f, 0xff, 0x1f, 0xc0,
    0x00, 0xff, 0xff, 0xf0, 0x00, 0x0f, 0xff, 0xfc, 0x00, 0x00, 0xff, 0xff,
    0x00, 0x00, 0x7f, 0xff, 0xf0, 0x00, 0x1f, 0xff, 0xff, 0x00, 0x0f, 0xf3,
    0xff, 0xf0, 0x03, 0xfc, 0x0f, 0xff, 0x80, 0x7f, 0x00, 0x7f, 0xf0, 0x1f,
    0xc0, 0x07, 0xff, 0x07, 0xf0, 0x00, 0x3f, 0xf0, 0xfe, 0x00, 0x03, 0xfe,
    0x3f, 0x80, 0x00, 0x3f, 0xe7, 0xf0, 0x00, 0x03, 0xfc, 0xfe, 0x00, 0x00,
    0x7f, 0xbf, 0xc0, 0x00, 0x07, 0xff, 0xf8, 0x00, 0x00, 0xff, 0xff, 0x00,
    0x00, 0x1f, 0xff, 0xe0, 0x00, 0x03, 0xff, 0xfc, 0x00, 0x00, 0x7f, 0xbf,
    0x80, 0x00, 0x1f, 0xe7, 0xf8, 0x00, 0x03, 0xfc, 0xff, 0x80, 0x00, 0xff,
    0x8f, 0xf8, 0x00, 0x1f, 0xf1, 0xff, 0x80, 0x0f, 0xfc, 0x1f, 0xfe, 0x07,
    0xff, 0x01, 0xff, 0xff, 0xff, 0xe0, 0x1f, 0xff, 0xff, 0xf8, 0x01, 0xff,
    0xff, 0xfc, 0x00, 0x1f, 0xff, 0xff, 0x00, 0x00, 0xff, 0xff, 0x80, 0x00,
    0x01, 0xff, 0x00, 0x00, 0x00, 0x0f, 0xf0, 0x00, 0x00, 0x1f, 0xff, 0x80,
    0x00, 0x1f, 0xff, 0xf8, 0x00, 0x0f, 0xff, 0xff, 0x00, 0x07, 0xff, 0xff,
    0xe0, 0x03, 0xff, 0xff, 0xfc, 0x01, 0xff, 0xe7, 0xff, 0x80, 0x7f, 0xc0,
    0x3f, 0xf0, 0x3f, 0xe0, 0x03, 0xfc, 0x0f, 0xf0, 0x00, 0x7f, 0x87, 0xf8,
    0x00, 0x1f, 0xe1, 0xfe, 0x00, 0x03, 0xfc, 0x7f, 0x80, 0x00, 0xff, 0x3f,
    0xc0, 0x00, 0x1f, 0xef, 0xf0, 0x00, 0x07, 0xfb, 0xfc, 0x00, 0x01, 0xfe,
    0xff, 0x00, 0x00, 0x3f, 0xbf, 0xc0, 0x00, 0x0f, 0xff, 0xf0, 0x00, 0x03,
    0xff, 0xfc, 0x00, 0x00, 0xff, 0xff, 0x00, 0x00, 0x3f, 0xff, 0xc0, 0x00,
    0x0f, 0xff, 0xf8, 0x00, 0x03, 0xfd, 0xfe, 0x00, 0x01, 0xff, 0x7f, 0xc0,
    0x00, 0xff, 0xdf, 0xf0, 0x00, 0x7f, 0xf3, 0xfe, 0x00, 0x7f, 0xfc, 0xff,
    0xe0, 0x7f, 0xff, 0x1f, 0xff, 0xff, 0xff, 0xc3, 0xff, 0xff, 0xef, 0xf0,
    0x7f, 0xff, 0xf3, 0xfc, 0x0f, 0xff, 0xf8, 0xff, 0x00, 0xff, 0xf8, 0x3f,
    0xc0, 0x0f, 0xf8, 0x0f, 0xf0, 0x00, 0x00, 0x03, 0xfc, 0x00, 0x00, 0x00,
    0xfe, 0x00, 0x00, 0x00, 0x7f, 0x80, 0x00, 0x00, 0x1f, 0xe0, 0x00, 0x00,
    0x07, 0xf8, 0x00, 0x00, 0x01, 0xfc, 0x00, 0x00, 0x00, 0xff, 0x00, 0x00,
    0x00, 0x3f, 0xc0, 0x00, 0x00, 0x1f, 0xe0, 0x00, 0x00, 0x07, 0xf8, 0x04,
    0x00, 0x03, 0xfc, 0x03, 0x80, 0x01, 0xff, 0x01, 0xf0, 0x00, 0xff, 0x80,
    0x7f, 0x80, 0xff, 0xe0, 0x3f, 0xff, 0xff, 0xf0, 0x1f, 0xff, 0xff, 0xf8,
    0x03, 0xff, 0xff, 0xfc, 0x00, 0x7f, 0xff, 0xfe, 0x00, 0x07, 0xff, 0xfe,
    0x00, 0x00, 0x7f, 0xff, 0x00, 0x00, 0x03, 0xfe, 0x00, 0x00, 0x1f, 0x07,
    0xf9, 0xff, 0x3f, 0xff, 0xff, 0xff, 0xff, 0xff, 0xff, 0x7f, 0xef, 0xf8,
    0xfe, 0x03, 0x00, 0x00, 0x00, 0x00, 0x00, 0x00, 0x00, 0x00, 0x00, 0x00,
    0x00, 0x00, 0x00, 0x00, 0x00, 0x00, 0x00, 0x00, 0x00, 0x00, 0x00, 0x00,
    0x00, 0x60, 0x7f, 0x1f, 0xf3, 0xff, 0xff, 0xff, 0xff, 0xff, 0xff, 0xf7,
    0xfe, 0xff, 0x8f, 0xf0, 0xf8, 0x0f, 0x80, 0xff, 0x0f, 0xf8, 0x7f, 0xe7,
    0xff, 0x3f, 0xf9, 0xff, 0xcf, 0xfe, 0x3f, 0xf1, 0xff, 0x07, 0xf0, 0x06,
    0x00, 0x00, 0x00, 0x00, 0x00, 0x00, 0x00, 0x00, 0x00, 0x00, 0x00, 0x00,
    0x00, 0x00, 0x00, 0x00, 0x00, 0x00, 0x00, 0x00, 0x00, 0x00, 0x00, 0x00,
    0x00, 0x00, 0x00, 0x30, 0x0f, 0xf0, 0xff, 0xc7, 0xfe, 0x7f, 0xfb, 0xff,
    0xdf, 0xfe, 0x7f, 0xf3, 0xff, 0x8f, 0xfc, 0x3f, 0xe0, 0x1f, 0x00, 0xf8,
    0x0f, 0xc0, 0x7e, 0x07, 0xe0, 0x3f, 0x03, 0xf0, 0x3f, 0x87, 0xf8, 0xff,
    0x87, 0xf8, 0x3f, 0x80, 0xf8, 0x07, 0x00, 0x00, 0x00, 0x00, 0x00, 0x00,
    0x20, 0x00, 0x00, 0x00, 0x3c, 0x00, 0x00, 0x00, 0x1f, 0x80, 0x00, 0x00,
    0x1f, 0xf0, 0x00, 0x00, 0x0f, 0xfe, 0x00, 0x00, 0x0f, 0xff, 0xc0, 0x00,
    0x07, 0xff, 0xf8, 0x00, 0x07, 0xff, 0xfe, 0x00, 0x07, 0xff, 0xfe, 0x00,
    0x03, 0xff, 0xfe, 0x00, 0x03, 0xff, 0xff, 0x00, 0x01, 0xff, 0xff, 0x00,
    0x01, 0xff, 0xff, 0x00, 0x00, 0xff, 0xff, 0x00, 0x00, 0x3f, 0xff, 0x80,
    0x00, 0x07, 0xff, 0x80, 0x00, 0x00, 0xff, 0x80, 0x00, 0x00, 0x1f, 0xf0,
    0x00, 0x00, 0x03, 0xff, 0xc0, 0x00, 0x00, 0x7f, 0xff, 0x00, 0x00, 0x07,
    0xff, 0xf8, 0x00, 0x00, 0x3f, 0xff, 0xe0, 0x00, 0x00, 0xff, 0xff, 0x80,
    0x00, 0x07, 0xff, 0xfe, 0x00, 0x00, 0x1f, 0xff, 0xf0, 0x00, 0x00, 0x7f,
    0xff, 0xc0, 0x00, 0x03, 0xff, 0xff, 0x00, 0x00, 0x0f, 0xff, 0xf0, 0x00,
    0x00, 0x7f, 0xfe, 0x00, 0x00, 0x01, 0xff, 0xc0, 0x00, 0x00, 0x0f, 0xf8,
    0x00, 0x00, 0x00, 0x3f, 0x00, 0x00, 0x00, 0x01, 0xe0, 0x00, 0x00, 0x00,
    0x04, 0xff, 0xff, 0xff, 0xff, 0xff, 0xff, 0xff, 0xff, 0xff, 0xff, 0xff,
    0xff, 0xff, 0xff, 0xff, 0xff, 0xff, 0xff, 0xff, 0xff, 0xff, 0xff, 0xff,
    0xff, 0xff, 0xff, 0xc0, 0x00, 0x00, 0x00, 0x00, 0x00, 0x00, 0x00, 0x00,
    0x00, 0x00, 0x00, 0x00, 0x00, 0x00, 0x00, 0x00, 0x00, 0x00, 0x00, 0x00,
    0x00, 0x00, 0x00, 0x00, 0x00, 0x00, 0x00, 0x00, 0x00, 0x00, 0x00, 0x00,
    0x00, 0x00, 0x00, 0x00, 0x00, 0x00, 0x00, 0x00, 0x00, 0x00, 0x00, 0x00,
    0x00, 0x00, 0x00, 0x00, 0x00, 0x00, 0x00, 0x03, 0xff, 0xff, 0xff, 0xff,
    0xff, 0xff, 0xff, 0xff, 0xff, 0xff, 0xff, 0xff, 0xff, 0xff, 0xff, 0xff,
    0xff, 0xff, 0xff, 0xff, 0xff, 0xff, 0xff, 0xff, 0xff, 0xff, 0x80, 0x00,
    0x00, 0x00, 0x1e, 0x00, 0x00, 0x00, 0x03, 0xf0, 0x00, 0x00, 0x00, 0x7f,
    0xc0, 0x00, 0x00, 0x0f, 0xfe, 0x00, 0x00, 0x01, 0xff, 0xf8, 0x00, 0x00,
    0x3f, 0xff, 0xc0, 0x00, 0x03, 0xff, 0xff, 0x00, 0x00, 0x0f, 0xff, 0xfc,
    0x00, 0x00, 0x3f, 0xff, 0xe0, 0x00, 0x01, 0xff, 0xff, 0x80, 0x00, 0x07,
    0xff, 0xfc, 0x00, 0x00, 0x1f, 0xff, 0xf0, 0x00, 0x00, 0x7f, 0xff, 0x80,
    0x00, 0x03, 0xff, 0xf8, 0x00, 0x00, 0x0f, 0xff, 0x00, 0x00, 0x00, 0x3f,
    0xe0, 0x00, 0x00, 0x07, 0xfc, 0x00, 0x00, 0x07, 0xff, 0x80, 0x00, 0x07,
    0xff, 0xf0, 0x00, 0x03, 0xff, 0xfc, 0x00, 0x03, 0xff, 0xfe, 0x00, 0x03,
    0xff, 0xfe, 0x00, 0x03, 0xff, 0xff, 0x00, 0x01, 0xff, 0xff, 0x00, 0x01,
    0xff, 0xff, 0x00, 0x01, 0xff, 0xff, 0x80, 0x00, 0x7f, 0xff, 0x80, 0x00,
    0x0f, 0xff, 0xc0, 0x00, 0x01, 0xff, 0xc0, 0x00, 0x00, 0x3f, 0xe0, 0x00,
    0x00, 0x07, 0xe0, 0x00, 0x00, 0x00, 0xf0, 0x00, 0x00, 0x00, 0x10, 0x00,
    0x00, 0x00, 0x00, 0x00, 0x3f, 0xe0, 0x00, 0x0f, 0xff, 0xe0, 0x01, 0xff,
    0xff, 0xc0, 0x1f, 0xff, 0xff, 0x01, 0xff, 0xff, 0xfc, 0x3f, 0xff, 0xff,
    0xf1, 0xff, 0xff, 0xff, 0x8f, 0xf8, 0x0f, 0xfe, 0x3f, 0x00, 0x3f, 0xf0,
    0xf0, 0x00, 0xff, 0x82, 0x00, 0x03, 0xfc, 0x00, 0x00, 0x1f, 0xf0, 0x00,
    0x00, 0xff, 0x80, 0x00, 0x03, 0xfc, 0x00, 0x00, 0x1f, 0xe0, 0x00, 0x01,
    0xfe, 0x00, 0x00, 0x0f, 0xf0, 0x00, 0x00, 0x7f, 0x80, 0x00, 0x07, 0xf8,
    0x00, 0x00, 0x7f, 0xc0, 0x00, 0x03, 0xfc, 0x00, 0x00, 0x3f, 0xe0, 0x00,
    0x03, 0xfe, 0x00, 0x00, 0x3f, 0xe0, 0x00, 0x03, 0xfe, 0x00, 0x00, 0x1f,
    0xe0, 0x00, 0x01, 0xff, 0x00, 0x00, 0x1f, 0xf0, 0x00, 0x00, 0xff, 0x00,
    0x00, 0x0f, 0xf0, 0x00, 0x00, 0x7f, 0x80, 0x00, 0x07, 0xf8, 0x00, 0x00,
    0x3f, 0xc0, 0x00, 0x01, 0xfc, 0x00, 0x00, 0x0f, 0xe0, 0x00, 0x00, 0x7f,
    0x00, 0x00, 0x03, 0xf8, 0x00, 0x00, 0x1f, 0xc0, 0x00, 0x00, 0x00, 0x00,
    0x00, 0x00, 0x00, 0x00, 0x00, 0x00, 0x00, 0x00, 0x00, 0x00, 0x00, 0x00,
    0x00, 0x00, 0x00, 0x00, 0x00, 0x00, 0x00, 0x00, 0xe0, 0x00, 0x00, 0x1f,
    0xc0, 0x00, 0x01, 0xff, 0x00, 0x00, 0x0f, 0xfc, 0x00, 0x00, 0xff, 0xe0,
    0x00, 0x07, 0xff, 0x00, 0x00, 0x3f, 0xf8, 0x00, 0x01, 0xff, 0xc0, 0x00,
    0x0f, 0xfe, 0x00, 0x00, 0x3f, 0xe0, 0x00, 0x00, 0xfe, 0x00, 0x00, 0x03,
    0xe0, 0x00, 0x00, 0x00, 0x00, 0x07, 0xff, 0x00, 0x00, 0x00, 0x00, 0x00,
    0x01, 0xff, 0xff, 0xc0, 0x00, 0x00, 0x00, 0x00, 0x3f, 0xff, 0xff, 0xe0,
    0x00, 0x00, 0x00, 0x07, 0xff, 0xff, 0xff, 0xe0, 0x00, 0x00, 0x00, 0x3f,
    0xff, 0xff, 0xff, 0xe0, 0x00, 0x00, 0x03, 0xff, 0xfc, 0x3f, 0xff, 0xc0,
    0x00, 0x00, 0x3f, 0xfe, 0x00, 0x03, 0xff, 0x80, 0x00, 0x01, 0xff, 0xc0,
    0x00, 0x01, 0xff, 0x00, 0x00, 0x0f, 0xfc, 0x00, 0x00, 0x01, 0xfe, 0x00,
    0x00, 0x7f, 0xc0, 0x00, 0x00, 0x03, 0xfc, 0x00, 0x03, 0xfe, 0x00, 0x00,
    0x00, 0x07, 0xf8, 0x00, 0x1f, 0xe0, 0x00, 0x00, 0x00, 0x0f, 0xf0, 0x00,
    0xff, 0x00, 0x00, 0x00, 0x00, 0x1f, 0xc0, 0x07, 0xf8, 0x00, 0x00, 0x00,
    0x00, 0x3f, 0x80, 0x1f, 0xc0, 0x00, 0x00, 0x00, 0x00, 0x7e, 0x00, 0xfe,
    0x00, 0x00, 0x00, 0x00, 0x01, 0xfc, 0x07, 0xf0, 0x00, 0x00, 0x00, 0x00,
    0x03, 0xf0, 0x1f, 0xc0, 0x00, 0x00, 0x00, 0x00, 0x0f, 0xc0, 0xfe, 0x00,
    0x00, 0x7e, 0x00, 0x00, 0x1f, 0x83, 0xf0, 0x00, 0x0f, 0xfe, 0x7e, 0x00,
    0x7e, 0x1f, 0xc0, 0x00, 0xff, 0xfd, 0xf8, 0x01, 0xf8, 0x7e, 0x00, 0x07,
    0xff, 0xf7, 0xc0, 0x03, 0xe3, 0xf8, 0x00, 0x3f, 0xff, 0xff, 0x00, 0x0f,
    0xcf, 0xc0, 0x01, 0xff, 0xff, 0xfc, 0x00, 0x3f, 0x3f, 0x00, 0x0f, 0xf8,
    0x1f, 0xf0, 0x00, 0xfd, 0xfc, 0x00, 0x3f, 0x80, 0x3f, 0xc0, 0x03, 0xf7,
    0xe0, 0x01, 0xfc, 0x00, 0x7e, 0x00, 0x0f, 0xdf, 0x80, 0x07, 0xf0, 0x01,
    0xf8, 0x00, 0x3f, 0x7e, 0x00, 0x3f, 0x80, 0x07, 0xe0, 0x00, 0xfd, 0xf8,
    0x00, 0xfc, 0x00, 0x1f, 0x80, 0x03, 0xff, 0xc0, 0x07, 0xf0, 0x00, 0xfe,
    0x00, 0x0f, 0xff, 0x00, 0x1f, 0xc0, 0x03, 0xf0, 0x00, 0x3f, 0xfc, 0x00,
    0x7e, 0x00, 0x0f, 0xc0, 0x00, 0xff, 0xf0, 0x01, 0xf8, 0x00, 0x3f, 0x00,
    0x03, 0xef, 0xc0, 0x0f, 0xe0, 0x00, 0xfc, 0x00, 0x0f, 0xbf, 0x00, 0x3f,
    0x80, 0x07, 0xf0, 0x00, 0x7e, 0xfc, 0x00, 0xfe, 0x00, 0x1f, 0x80, 0x01,
    0xfb, 0xf0, 0x03, 0xf8, 0x00, 0x7e, 0x00, 0x0f, 0xcf, 0xc0, 0x0f, 0xe0,
    0x01, 0xf8, 0x00, 0x3f, 0x3f, 0x00, 0x3f, 0x80, 0x0f, 0xe0, 0x01, 0xf8,
    0xfc, 0x00, 0x7f, 0x00, 0x7f, 0x80, 0x0f, 0xe3, 0xf0, 0x01, 0xfc, 0x03,
    0xff, 0x00, 0x7f, 0x0f, 0xc0, 0x07, 0xfc, 0x3f, 0xfc, 0x03, 0xfc, 0x1f,
    0x80, 0x0f, 0xff, 0xff, 0xf8, 0x3f, 0xe0, 0x7e, 0x00, 0x3f, 0xff, 0xe7,
    0xff, 0xff, 0x01, 0xf8, 0x00, 0x7f, 0xff, 0x1f, 0xff, 0xf8, 0x07, 0xf0,
    0x00, 0xff, 0xf0, 0x3f, 0xff, 0xc0, 0x0f, 0xc0, 0x00, 0xff, 0x80, 0x7f,
    0xfc, 0x00, 0x3f, 0x00, 0x00, 0x20, 0x00, 0xff, 0xc0, 0x00, 0xfe, 0x00,
    0x00, 0x00, 0x00, 0x00, 0x00, 0x01, 0xfc, 0x00, 0x00, 0x00, 0x00, 0x00,
    0x00, 0x07, 0xf0, 0x00, 0x00, 0x00, 0x00, 0x00, 0x00, 0x0f, 0xe0, 0x00,
    0x00, 0x00, 0x00, 0x00, 0x00, 0x3f, 0xc0, 0x00, 0x00, 0x00, 0x00, 0x00,
    0x00, 0x7f, 0x80, 0x00, 0x00, 0x00, 0x00, 0x00, 0x00, 0xff, 0x00, 0x00,
    0x00, 0x00, 0x00, 0x00, 0x01, 0xfe, 0x00, 0x00, 0x00, 0x00, 0x00, 0x00,
    0x03, 0xfe, 0x00, 0x00, 0x00, 0x80, 0x00, 0x00, 0x07, 0xfe, 0x00, 0x00,
    0x0e, 0x00, 0x00, 0x00, 0x0f, 0xff, 0x00, 0x01, 0xfc, 0x00, 0x00, 0x00,
    0x1f, 0xff, 0xf1, 0xff, 0xf0, 0x00, 0x00, 0x00, 0x3f, 0xff, 0xff, 0xff,
    0xe0, 0x00, 0x00, 0x00, 0x3f, 0xff, 0xff, 0xff, 0x00, 0x00, 0x00, 0x00,
    0x3f, 0xff, 0xff, 0xf0, 0x00, 0x00, 0x00, 0x00, 0x1f, 0xff, 0xfe, 0x00,
    0x00, 0x00, 0x00, 0x00, 0x07, 0xff, 0x80, 0x00, 0x00, 0x00, 0x00, 0x00,
    0x7f, 0xe0, 0x00, 0x00, 0x00, 0x03, 0xff, 0x80, 0x00, 0x00, 0x00, 0x1f,
    0xfc, 0x00, 0x00, 0x00, 0x01, 0xff, 0xe0, 0x00, 0x00, 0x00, 0x0f, 0xff,
    0x80, 0x00, 0x00, 0x00, 0x7f, 0xfc, 0x00, 0x00, 0x00, 0x07, 0xff, 0xe0,
    0x00, 0x00, 0x00, 0x3f, 0xbf, 0x80, 0x00, 0x00, 0x01, 0xfd, 0xfc, 0x00,
    0x00, 0x00, 0x1f, 0xcf, 0xe0, 0x00, 0x00, 0x00, 0xfe, 0x7f, 0x80, 0x00,
    0x00, 0x07, 0xf1, 0xfc, 0x00, 0x00, 0x00, 0x7f, 0x8f, 0xe0, 0x00, 0x00,
    0x03, 0xf8, 0x7f, 0x80, 0x00, 0x00, 0x1f, 0xc1, 0xfc, 0x00, 0x00, 0x01,
    0xfe, 0x0f, 0xe0, 0x00, 0x00, 0x0f, 0xe0, 0x7f, 0x80, 0x00, 0x00, 0x7f,
    0x03, 0xfc, 0x00, 0x00, 0x07, 0xf8, 0x0f, 0xe0, 0x00, 0x00, 0x3f, 0xc0,
    0x7f, 0x80, 0x00, 0x01, 0xfc, 0x03, 0xfc, 0x00, 0x00, 0x1f, 0xe0, 0x0f,
    0xe0, 0x00, 0x00, 0xff, 0x00, 0x7f, 0x80, 0x00, 0x07, 0xf0, 0x03, 0xfc,
    0x00, 0x00, 0x7f, 0x80, 0x1f, 0xe0, 0x00, 0x03, 0xfc, 0x00, 0x7f, 0x80,
    0x00, 0x1f, 0xc0, 0x03, 0xfc, 0x00, 0x01, 0xfe, 0x00, 0x1f, 0xe0, 0x00,
    0x0f, 0xf0, 0x00, 0x7f, 0x80, 0x00, 0x7f, 0x80, 0x03, 0xfc, 0x00, 0x07,
    0xf8, 0x00, 0x1f, 0xe0, 0x00, 0x3f, 0xff, 0xff, 0xff, 0x80, 0x01, 0xff,
    0xff, 0xff, 0xfc, 0x00, 0x1f, 0xff, 0xff, 0xff, 0xe0, 0x00, 0xff, 0xff,
    0xff, 0xff, 0x80, 0x07, 0xff, 0xff, 0xff, 0xfc, 0x00, 0x7f, 0xff, 0xff,
    0xff, 0xe0, 0x03, 0xff, 0xff, 0xff, 0xff, 0x80, 0x1f, 0xe0, 0x00, 0x03,
    0xfc, 0x01, 0xff, 0x00, 0x00, 0x1f, 0xe0, 0x0f, 0xf0, 0x00, 0x00, 0xff,
    0x80, 0x7f, 0x80, 0x00, 0x07, 0xfc, 0x07, 0xfc, 0x00, 0x00, 0x1f, 0xe0,
    0x3f, 0xc0, 0x00, 0x00, 0xff, 0x81, 0xfe, 0x00, 0x00, 0x07, 0xfc, 0x1f,
    0xf0, 0x00, 0x00, 0x1f, 0xe0, 0xff, 0x80, 0x00, 0x00, 0xff, 0x87, 0xf8,
    0x00, 0x00, 0x07, 0xfc, 0x7f, 0xc0, 0x00, 0x00, 0x1f, 0xe3, 0xfe, 0x00,
    0x00, 0x00, 0xff, 0x9f, 0xe0, 0x00, 0x00, 0x07, 0xfd, 0xff, 0x00, 0x00,
    0x00, 0x3f, 0xef, 0xf8, 0x00, 0x00, 0x00, 0xff, 0x80, 0xff, 0xff, 0xfe,
    0x00, 0x03, 0xff, 0xff, 0xff, 0x80, 0x0f, 0xff, 0xff, 0xff, 0x80, 0x3f,
    0xff, 0xff, 0xff, 0x80, 0xff, 0xff, 0xff, 0xff, 0x03, 0xff, 0xff, 0xff,
    0xfe, 0x0f, 0xff, 0xff, 0xff, 0xf8, 0x3f, 0xc0, 0x00, 0xff, 0xf0, 0xff,
    0x00, 0x00, 0xff, 0xc3, 0xfc, 0x00, 0x01, 0xff, 0x8f, 0xf0, 0x00, 0x03,
    0xfe, 0x3f, 0xc0, 0x00, 0x07, 0xf8, 0xff, 0x00, 0x00, 0x1f, 0xe3, 0xfc,
    0x00, 0x00, 0x7f, 0x8f, 0xf0, 0x00, 0x01, 0xfe, 0x3f, 0xc0, 0x00, 0x07,
    0xf8, 0xff, 0x00, 0x00, 0x1f, 0xe3, 0xfc, 0x00, 0x00, 0xff, 0x0f, 0xf0,
    0x00, 0x03, 0xfc, 0x3f, 0xc0, 0x00, 0x1f, 0xe0, 0xff, 0x00, 0x01, 0xff,
    0x83, 0xfc, 0x00, 0x3f, 0xfc, 0x0f, 0xff, 0xff, 0xff, 0xe0, 0x3f, 0xff,
    0xff, 0xff, 0x00, 0xff, 0xff, 0xff, 0xf0, 0x03, 0xff, 0xff, 0xff, 0xf0,
    0x0f, 0xff, 0xff, 0xff, 0xf0, 0x3f, 0xff, 0xff, 0xff, 0xf0, 0xff, 0x00,
    0x0f, 0xff, 0xe3, 0xfc, 0x00, 0x01, 0xff, 0xcf, 0xf0, 0x00, 0x01, 0xff,
    0x3f, 0xc0, 0x00, 0x03, 0xfe, 0xff, 0x00, 0x00, 0x07, 0xfb, 0xfc, 0x00,
    0x00, 0x1f, 0xef, 0xf0, 0x00, 0x00, 0x7f, 0xff, 0xc0, 0x00, 0x00, 0xff,
    0xff, 0x00, 0x00, 0x03, 0xff, 0xfc, 0x00, 0x00, 0x0f, 0xff, 0xf0, 0x00,
    0x00, 0x3f, 0xff, 0xc0, 0x00, 0x01, 0xff, 0xff, 0x00, 0x00, 0x07, 0xff,
    0xfc, 0x00, 0x00, 0x1f, 0xff, 0xf0, 0x00, 0x00, 0xff, 0xbf, 0xc0, 0x00,
    0x07, 0xfe, 0xff, 0x00, 0x00, 0x3f, 0xf3, 0xfc, 0x00, 0x03, 0xff, 0xcf,
    0xff, 0xff, 0xff, 0xfe, 0x3f, 0xff, 0xff, 0xff, 0xf0, 0xff, 0xff, 0xff,
    0xff, 0x83, 0xff, 0xff, 0xff, 0xfc, 0x0f, 0xff, 0xff, 0xff, 0xc0, 0x3f,
    0xff, 0xff, 0xfc, 0x00, 0xff, 0xff, 0xff, 0x00, 0x00, 0x00, 0x00, 0x1f,
    0xf0, 0x00, 0x00, 0x00, 0xff, 0xff, 0x00, 0x00, 0x07, 0xff, 0xff, 0xc0,
    0x00, 0x0f, 0xff, 0xff, 0xe0, 0x00, 0x3f, 0xff, 0xff, 0xf8, 0x00, 0x7f,
    0xff, 0xff, 0xfc, 0x00, 0xff, 0xff, 0xff, 0xfe, 0x01, 0xff, 0xfc, 0x3f,
    0xfc, 0x03, 0xff, 0xc0, 0x03, 0xfc, 0x07, 0xff, 0x00, 0x01, 0xf8, 0x07,
    0xfe, 0x00, 0x00, 0x70, 0x0f, 0xfc, 0x00, 0x00, 0x20, 0x1f, 0xf8, 0x00,
    0x00, 0x00, 0x1f, 0xf0, 0x00, 0x00, 0x00, 0x3f, 0xf0, 0x00, 0x00, 0x00,
    0x3f, 0xe0, 0x00, 0x00, 0x00, 0x3f, 0xe0, 0x00, 0x00, 0x00, 0x7f, 0xc0,
    0x00, 0x00, 0x00, 0x7f, 0xc0, 0x00, 0x00, 0x00, 0x7f, 0xc0, 0x00, 0x00,
    0x00, 0x7f, 0x80, 0x00, 0x00, 0x00, 0xff, 0x80, 0x00, 0x00, 0x00, 0xff,
    0x80, 0x00, 0x00, 0x00, 0xff, 0x80, 0x00, 0x00, 0x00, 0xff, 0x80, 0x00,
    0x00, 0x00, 0xff, 0x80, 0x00, 0x00, 0x00, 0xff, 0x80, 0x00, 0x00, 0x00,
    0xff, 0x80, 0x00, 0x00, 0x00, 0xff, 0x80, 0x00, 0x00, 0x00, 0xff, 0x80,
    0x00, 0x00, 0x00, 0xff, 0x80, 0x00, 0x00, 0x00, 0xff, 0x80, 0x00, 0x00,
    0x00, 0xff, 0x80, 0x00, 0x00, 0x00, 0xff, 0x80, 0x00, 0x00, 0x00, 0x7f,
    0x80, 0x00, 0x00, 0x00, 0x7f, 0xc0, 0x00, 0x00, 0x00, 0x7f, 0xc0, 0x00,
    0x00, 0x00, 0x7f, 0xc0, 0x00, 0x00, 0x00, 0x3f, 0xe0, 0x00, 0x00, 0x00,
    0x3f, 0xe0, 0x00, 0x00, 0x00, 0x3f, 0xf0, 0x00, 0x00, 0x00, 0x1f, 0xf0,
    0x00, 0x00, 0x00, 0x1f, 0xf8, 0x00, 0x00, 0x10, 0x0f, 0xfc, 0x00, 0x00,
    0x38, 0x0f, 0xfe, 0x00, 0x00, 0x7c, 0x07, 0xff, 0x00, 0x01, 0xfe, 0x03,
    0xff, 0xc0, 0x03, 0xff, 0x01, 0xff, 0xfc, 0x7f, 0xff, 0x01, 0xff, 0xff,
    0xff, 0xfe, 0x00, 0xff, 0xff, 0xff, 0xfc, 0x00, 0x3f, 0xff, 0xff, 0xf8,
    0x00, 0x1f, 0xff, 0xff, 0xf0, 0x00, 0x07, 0xff, 0xff, 0xc0, 0x00, 0x01,
    0xff, 0xff, 0x00, 0x00, 0x00, 0x3f, 0xf8, 0x00, 0xff, 0xff, 0xf0, 0x00,
    0x01, 0xff, 0xff, 0xfe, 0x00, 0x03, 0xff, 0xff, 0xff, 0x80, 0x07, 0xff,
    0xff, 0xff, 0x80, 0x0f, 0xff, 0xff, 0xff, 0xc0, 0x1f, 0xff, 0xff, 0xff,
    0xc0, 0x3f, 0xff, 0xff, 0xff, 0xc0, 0x7f, 0x80, 0x0f, 0xff, 0xc0, 0xff,
    0x00, 0x03, 0xff, 0xc1, 0xfe, 0x00, 0x01, 0xff, 0xc3, 0xfc, 0x00, 0x01,
    0xff, 0xc7, 0xf8, 0x00, 0x01, 0xff, 0x8f, 0xf0, 0x00, 0x01, 0xff, 0x9f,
    0xe0, 0x00, 0x01, 0xff, 0x3f, 0xc0, 0x00, 0x03, 0xfe, 0x7f, 0x80, 0x00,
    0x03, 0xfe, 0xff, 0x00, 0x00, 0x07, 0xfd, 0xfe, 0x00, 0x00, 0x0f, 0xfb,
    0xfc, 0x00, 0x00, 0x0f, 0xff, 0xf8, 0x00, 0x00, 0x1f, 0xff, 0xf0, 0x00,
    0x00, 0x3f, 0xff, 0xe0, 0x00, 0x00, 0x7f, 0xff, 0xc0, 0x00, 0x00, 0xff,
    0xff, 0x80, 0x00, 0x00, 0xff, 0xff, 0x00, 0x00, 0x01, 0xff, 0xfe, 0x00,
    0x00, 0x03, 0xff, 0xfc, 0x00, 0x00, 0x07, 0xff, 0xf8, 0x00, 0x00, 0x0f,
    0xff, 0xf0, 0x00, 0x00, 0x1f, 0xff, 0xe0, 0x00, 0x00, 0x7f, 0xff, 0xc0,
    0x00, 0x00, 0xff, 0xff, 0x80, 0x00, 0x01, 0xff, 0xff, 0x00, 0x00, 0x03,
    0xff, 0xfe, 0x00, 0x00, 0x07, 0xff, 0xfc, 0x00, 0x00, 0x0f, 0xf7, 0xf8,
    0x00, 0x00, 0x3f, 0xef, 0xf0, 0x00, 0x00, 0x7f, 0xdf, 0xe0, 0x00, 0x00,
    0xff, 0xbf, 0xc0, 0x00, 0x03, 0xfe, 0x7f, 0x80, 0x00, 0x0f, 0xfc, 0xff,
    0x00, 0x00, 0x1f, 0xf1, 0xfe, 0x00, 0x00, 0x7f, 0xe3, 0xfc, 0x00, 0x01,
    0xff, 0x87, 0xf8, 0x00, 0x0f, 0xff, 0x0f, 0xf0, 0x00, 0x3f, 0xfc, 0x1f,
    0xe0, 0x03, 0xff, 0xf0, 0x3f, 0xff, 0xff, 0xff, 0xc0, 0x7f, 0xff, 0xff,
    0xff, 0x00, 0xff, 0xff, 0xff, 0xfc, 0x01, 0xff, 0xff, 0xff, 0xe0, 0x03,
    0xff, 0xff, 0xff, 0x80, 0x07, 0xff, 0xff, 0xf8, 0x00, 0x0f, 0xff, 0xff,
    0x00, 0x00, 0x00, 0xff, 0xff, 0xff, 0xfe, 0xff, 0xff, 0xff, 0xfe, 0xff,
    0xff, 0xff, 0xfe, 0xff, 0xff, 0xff, 0xfe, 0xff, 0xff, 0xff, 0xfe, 0xff,
    0xff, 0xff, 0xfe, 0xff, 0xff, 0xff, 0xfe, 0xff, 0x00, 0x00, 0x00, 0xff,
    0x00, 0x00, 0x00, 0xff, 0x00, 0x00, 0x00, 0xff, 0x00, 0x00, 0x00, 0xff,
    0x00, 0x00, 0x00, 0xff, 0x00, 0x00, 0x00, 0xff, 0x00, 0x00, 0x00, 0xff,
    0x00, 0x00, 0x00, 0xff, 0x00, 0x00, 0x00, 0xff, 0x00, 0x00, 0x00, 0xff,
    0x00, 0x00, 0x00, 0xff, 0x00, 0x00, 0x00, 0xff, 0x00, 0x00, 0x00, 0xff,
    0x00, 0x00, 0x00, 0xff, 0x00, 0x00, 0x00, 0xff, 0xff, 0xff, 0xf0, 0xff,
    0xff, 0xff, 0xf0, 0xff, 0xff, 0xff, 0xf0, 0xff, 0xff, 0xff, 0xf0, 0xff,
    0xff, 0xff, 0xf0, 0xff, 0xff, 0xff, 0xf0, 0xff, 0xff, 0xff, 0xf0, 0xff,
    0x00, 0x00, 0x00, 0xff, 0x00, 0x00, 0x00, 0xff, 0x00, 0x00, 0x00, 0xff,
    0x00, 0x00, 0x00, 0xff, 0x00, 0x00, 0x00, 0xff, 0x00, 0x00, 0x00, 0xff,
    0x00, 0x00, 0x00, 0xff, 0x00, 0x00, 0x00, 0xff, 0x00, 0x00, 0x00, 0xff,
    0x00, 0x00, 0x00, 0xff, 0x00, 0x00, 0x00, 0xff, 0x00, 0x00, 0x00, 0xff,
    0x00, 0x00, 0x00, 0xff, 0x00, 0x00, 0x00, 0xff, 0x00, 0x00, 0x00, 0xff,
    0x00, 0x00, 0x00, 0xff, 0x00, 0x00, 0x00, 0xff, 0xff, 0xff, 0xff, 0xff,
    0xff, 0xff, 0xff, 0xff, 0xff, 0xff, 0xff, 0xff, 0xff, 0xff, 0xff, 0xff,
    0xff, 0xff, 0xff, 0xff, 0xff, 0xff, 0xff, 0xff, 0xff, 0xff, 0xff, 0xff,
    0xff, 0xff, 0xff, 0xff, 0xff, 0xff, 0xff, 0xff, 0xff, 0xff, 0xff, 0xff,
    0xff, 0xff, 0xff, 0xff, 0xff, 0xff, 0xff, 0xff, 0xff, 0xff, 0xff, 0xff,
    0xff, 0xff, 0xff, 0x80, 0x00, 0x00, 0xff, 0x00, 0x00, 0x01, 0xfe, 0x00,
    0x00, 0x03, 0xfc, 0x00, 0x00, 0x07, 0xf8, 0x00, 0x00, 0x0f, 0xf0, 0x00,
    0x00, 0x1f, 0xe0, 0x00, 0x00, 0x3f, 0xc0, 0x00, 0x00, 0x7f, 0x80, 0x00,
    0x00, 0xff, 0x00, 0x00, 0x01, 0xfe, 0x00, 0x00, 0x03, 0xfc, 0x00, 0x00,
    0x07, 0xf8, 0x00, 0x00, 0x0f, 0xf0, 0x00, 0x00, 0x1f, 0xe0, 0x00, 0x00,
    0x3f, 0xc0, 0x00, 0x00, 0x7f, 0xff, 0xff, 0xf8, 0xff, 0xff, 0xff, 0xf1,
    0xff, 0xff, 0xff, 0xe3, 0xff, 0xff, 0xff, 0xc7, 0xff, 0xff, 0xff, 0x8f,
    0xff, 0xff, 0xff, 0x1f, 0xff, 0xff, 0xfe, 0x3f, 0xc0, 0x00, 0x00, 0x7f,
    0x80, 0x00, 0x00, 0xff, 0x00, 0x00, 0x01, 0xfe, 0x00, 0x00, 0x03, 0xfc,
    0x00, 0x00, 0x07, 0xf8, 0x00, 0x00, 0x0f, 0xf0, 0x00, 0x00, 0x1f, 0xe0,
    0x00, 0x00, 0x3f, 0xc0, 0x00, 0x00, 0x7f, 0x80, 0x00, 0x00, 0xff, 0x00,
    0x00, 0x01, 0xfe, 0x00, 0x00, 0x03, 0xfc, 0x00, 0x00, 0x07, 0xf8, 0x00,
    0x00, 0x0f, 0xf0, 0x00, 0x00, 0x1f, 0xe0, 0x00, 0x00, 0x3f, 0xc0, 0x00,
    0x00, 0x7f, 0x80, 0x00, 0x00, 0xff, 0x00, 0x00, 0x01, 0xfe, 0x00, 0x00,
    0x03, 0xfc, 0x00, 0x00, 0x07, 0xf8, 0x00, 0x00, 0x0f, 0xf0, 0x00, 0x00,
    0x00, 0x00, 0x00, 0x0f, 0xfc, 0x00, 0x00, 0x00, 0x7f, 0xff, 0xc0, 0x00,
    0x00, 0xff, 0xff, 0xf8, 0x00, 0x01, 0xff, 0xff, 0xff, 0x00, 0x03, 0xff,
    0xff, 0xff, 0xc0, 0x03, 0xff, 0xff, 0xff, 0xf0, 0x03, 0xff, 0xff, 0xff,
    0xfc, 0x03, 0xff, 0xfc, 0x3f, 0xfe, 0x03, 0xff, 0xe0, 0x01, 0xfe, 0x03,
    0xff, 0xc0, 0x00, 0x3e, 0x01, 0xff, 0x80, 0x00, 0x0e, 0x01, 0xff, 0x80,
    0x00, 0x03, 0x01, 0xff, 0x80, 0x00, 0x00, 0x00, 0xff, 0xc0, 0x00, 0x00,
    0x00, 0x7f, 0xc0, 0x00, 0x00, 0x00, 0x7f, 0xc0, 0x00, 0x00, 0x00, 0x3f,
    0xe0, 0x00, 0x00, 0x00, 0x3f, 0xe0, 0x00, 0x00, 0x00, 0x1f, 0xf0, 0x00,
    0x00, 0x00, 0x0f, 0xf8, 0x00, 0x00, 0x00, 0x07, 0xf8, 0x00, 0x00, 0x00,
    0x03, 0xfc, 0x00, 0x00, 0x00, 0x03, 0xfe, 0x00, 0x00, 0x00, 0x01, 0xff,
    0x00, 0x00, 0x00, 0x00, 0xff, 0x80, 0x00, 0x00, 0x00, 0x7f, 0xc0, 0x00,
    0x00, 0x00, 0x3f, 0xe0, 0x00, 0x7f, 0xff, 0xff, 0xf0, 0x00, 0x3f, 0xff,
    0xff, 0xf8, 0x00, 0x1f, 0xff, 0xff, 0xfc, 0x00, 0x0f, 0xff, 0xff, 0xfe,
    0x00, 0x07, 0xff, 0xff, 0xff, 0x00, 0x03, 0xff, 0xff, 0xff, 0x80, 0x01,
    0xff, 0xff, 0xff, 0xc0, 0x00, 0x00, 0x1f, 0xdf, 0xe0, 0x00, 0x00, 0x0f,
    0xef, 0xf8, 0x00, 0x00, 0x07, 0xf7, 0xfc, 0x00, 0x00, 0x03, 0xfb, 0xfe,
    0x00, 0x00, 0x01, 0xfc, 0xff, 0x80, 0x00, 0x00, 0xfe, 0x7f, 0xc0, 0x00,
    0x00, 0x7f, 0x3f, 0xf0, 0x00, 0x00, 0x3f, 0x8f, 0xf8, 0x00, 0x00, 0x1f,
    0xc7, 0xfe, 0x00, 0x00, 0x0f, 0xe1, 0xff, 0x80, 0x00, 0x07, 0xf0, 0xff,
    0xe0, 0x00, 0x03, 0xf8, 0x3f, 0xfc, 0x00, 0x03, 0xfc, 0x0f, 0xff, 0x80,
    0x07, 0xfe, 0x03, 0xff, 0xfe, 0x1f, 0xff, 0x00, 0xff, 0xff, 0xff, 0xff,
    0x80, 0x3f, 0xff, 0xff, 0xff, 0xc0, 0x0f, 0xff, 0xff, 0xff, 0x80, 0x01,
    0xff, 0xff, 0xff, 0x80, 0x00, 0x7f, 0xff, 0xff, 0x00, 0x00, 0x07, 0xff,
    0xfe, 0x00, 0x00, 0x00, 0x7f, 0xf0, 0x00, 0xff, 0x00, 0x00, 0x01, 0xff,
    0xfe, 0x00, 0x00, 0x03, 0xff, 0xfc, 0x00, 0x00, 0x07, 0xff, 0xf8, 0x00,
    0x00, 0x0f, 0xff, 0xf0, 0x00, 0x00, 0x1f, 0xff, 0xe0, 0x00, 0x00, 0x3f,
    0xff, 0xc0, 0x00, 0x00, 0x7f, 0xff, 0x80, 0x00, 0x00, 0xff, 0xff, 0x00,
    0x00, 0x01, 0xff, 0xfe, 0x00, 0x00, 0x03, 0xff, 0xfc, 0x00, 0x00, 0x07,
    0xff, 0xf8, 0x00, 0x00, 0x0f, 0xff, 0xf0, 0x00, 0x00, 0x1f, 0xff, 0xe0,
    0x00, 0x00, 0x3f, 0xff, 0xc0, 0x00, 0x00, 0x7f, 0xff, 0x80, 0x00, 0x00,
    0xff, 0xff, 0x00, 0x00, 0x01, 0xff, 0xfe, 0x00, 0x00, 0x03, 0xff, 0xfc,
    0x00, 0x00, 0x07, 0xff, 0xf8, 0x00, 0x00, 0x0f, 0xff, 0xf0, 0x00, 0x00,
    0x1f, 0xff, 0xe0, 0x00, 0x00, 0x3f, 0xff, 0xff, 0xff, 0xff, 0xff, 0xff,
    0xff, 0xff, 0xff, 0xff, 0xff, 0xff, 0xff, 0xff, 0xff, 0xff, 0xff, 0xff,
    0xff, 0xff, 0xff, 0xff, 0xff, 0xff, 0xff, 0xff, 0xff, 0xff, 0xff, 0xff,
    0xff, 0xff, 0xff, 0xff, 0xff, 0xe0, 0x00, 0x00, 0x3f, 0xff, 0xc0, 0x00,
    0x00, 0x7f, 0xff, 0x80, 0x00, 0x00, 0xff, 0xff, 0x00, 0x00, 0x01, 0xff,
    0xfe, 0x00, 0x00, 0x03, 0xff, 0xfc, 0x00, 0x00, 0x07, 0xff, 0xf8, 0x00,
    0x00, 0x0f, 0xff, 0xf0, 0x00, 0x00, 0x1f, 0xff, 0xe0, 0x00, 0x00, 0x3f,
    0xff, 0xc0, 0x00, 0x00, 0x7f, 0xff, 0x80, 0x00, 0x00, 0xff, 0xff, 0x00,
    0x00, 0x01, 0xff, 0xfe, 0x00, 0x00, 0x03, 0xff, 0xfc, 0x00, 0x00, 0x07,
    0xff, 0xf8, 0x00, 0x00, 0x0f, 0xff, 0xf0, 0x00, 0x00, 0x1f, 0xff, 0xe0,
    0x00, 0x00, 0x3f, 0xff, 0xc0, 0x00, 0x00, 0x7f, 0xff, 0x80, 0x00, 0x00,
    0xff, 0xff, 0x00, 0x00, 0x01, 0xff, 0xfe, 0x00, 0x00, 0x03, 0xff, 0xfc,
    0x00, 0x00, 0x07, 0xff, 0xf8, 0x00, 0x00, 0x0f, 0xff, 0xf0, 0x00, 0x00,
    0x1f, 0xe0, 0xff, 0xff, 0xff, 0xff, 0xff, 0xff, 0xff, 0xff, 0xff, 0xff,
    0xff, 0xff, 0xff, 0xff, 0xff, 0xff, 0xff, 0xff, 0xff, 0xff, 0xff, 0xff,
    0xff, 0xff, 0xff, 0xff, 0xff, 0xff, 0xff, 0xff, 0xff, 0xff, 0xff, 0xff,
    0xff, 0xff, 0xff, 0xff, 0xff, 0xff, 0xff, 0xff, 0xff, 0xff, 0xff, 0xff,
    0xff, 0xff, 0xff, 0xff, 0xff, 0xff, 0xff, 0x00, 0x00, 0x03, 0xfe, 0x00,
    0x00, 0x07, 0xfc, 0x00, 0x00, 0x0f, 0xf8, 0x00, 0x00, 0x1f, 0xf0, 0x00,
    0x00, 0x3f, 0xe0, 0x00, 0x00, 0x7f, 0xc0, 0x00, 0x00, 0xff, 0x80, 0x00,
    0x01, 0xff, 0x00, 0x00, 0x03, 0xfe, 0x00, 0x00, 0x07, 0xfc, 0x00, 0x00,
    0x0f, 0xf8, 0x00, 0x00, 0x1f, 0xf0, 0x00, 0x00, 0x3f, 0xe0, 0x00, 0x00,
    0x7f, 0xc0, 0x00, 0x00, 0xff, 0x80, 0x00, 0x01, 0xff, 0x00, 0x00, 0x03,
    0xfe, 0x00, 0x00, 0x07, 0xfc, 0x00, 0x00, 0x0f, 0xf8, 0x00, 0x00, 0x1f,
    0xf0, 0x00, 0x00, 0x3f, 0xe0, 0x00, 0x00, 0x7f, 0xc0, 0x00, 0x00, 0xff,
    0x80, 0x00, 0x01, 0xff, 0x00, 0x00, 0x03, 0xfe, 0x00, 0x00, 0x07, 0xfc,
    0x00, 0x00, 0x0f, 0xf8, 0x00, 0x00, 0x1f, 0xf0, 0x00, 0x00, 0x3f, 0xe0,
    0x00, 0x00, 0x7f, 0xc0, 0x00, 0x00, 0xff, 0x80, 0x00, 0x01, 0xff, 0x00,
    0x00, 0x03, 0xfe, 0x00, 0x00, 0x07, 0xfc, 0x00, 0x00, 0x0f, 0xf8, 0x00,
    0x00, 0x1f, 0xf0, 0x00, 0x00, 0x3f, 0xe0, 0x00, 0x00, 0x7f, 0xc0, 0x00,
    0x00, 0xff, 0x80, 0x00, 0x01, 0xff, 0x00, 0x00, 0x03, 0xfe, 0x08, 0x00,
    0x07, 0xf8, 0x38, 0x00, 0x1f, 0xf1, 0xf8, 0x00, 0x3f, 0xe7, 0xf8, 0x00,
    0xff, 0xdf, 0xf8, 0x03, 0xff, 0x1f, 0xfe, 0x3f, 0xfe, 0x1f, 0xff, 0xff,
    0xf8, 0x3f, 0xff, 0xff, 0xf0, 0x3f, 0xff, 0xff, 0xc0, 0x1f, 0xff, 0xff,
    0x00, 0x1f, 0xff, 0xfc, 0x00, 0x0f, 0xff, 0xe0, 0x00, 0x03, 0xfe, 0x00,
    0x00, 0xff, 0x00, 0x00, 0x0f, 0xfc, 0x7f, 0x80, 0x00, 0x0f, 0xfc, 0x3f,
    0xc0, 0x00, 0x07, 0xfc, 0x1f, 0xe0, 0x00, 0x07, 0xfc, 0x0f, 0xf0, 0x00,
    0x07, 0xfc, 0x07, 0xf8, 0x00, 0x07, 0xfe, 0x03, 0xfc, 0x00, 0x07, 0xfe,
    0x01, 0xfe, 0x00, 0x03, 0xfe, 0x00, 0xff, 0x00, 0x03, 0xfe, 0x00, 0x7f,
    0x80, 0x03, 0xfe, 0x00, 0x3f, 0xc0, 0x03, 0xff, 0x00, 0x1f, 0xe0, 0x03,
    0xff, 0x00, 0x0f, 0xf0, 0x01, 0xff, 0x00, 0x07, 0xf8, 0x01, 0xff, 0x00,
    0x03, 0xfc, 0x01, 0xff, 0x00, 0x01, 0xfe, 0x01, 0xff, 0x80, 0x00, 0xff,
    0x01, 0xff, 0x80, 0x00, 0x7f, 0x80, 0xff, 0x80, 0x00, 0x3f, 0xc0, 0xff,
    0x80, 0x00, 0x1f, 0xe0, 0xff, 0x80, 0x00, 0x0f, 0xf0, 0xff, 0xc0, 0x00,
    0x07, 0xf8, 0xff, 0xe0, 0x00, 0x03, 0xfc, 0x7f, 0xf8, 0x00, 0x01, 0xfe,
    0x7f, 0xfc, 0x00, 0x00, 0xff, 0x7f, 0xff, 0x00, 0x00, 0x7f, 0xff, 0xff,
    0xc0, 0x00, 0x3f, 0xff, 0xff, 0xe0, 0x00, 0x1f, 0xff, 0xef, 0xf8, 0x00,
    0x0f, 0xff, 0xe7, 0xfc, 0x00, 0x07, 0xff, 0xf1, 0xff, 0x00, 0x03, 0xff,
    0xf0, 0xff, 0x80, 0x01, 0xff, 0xf0, 0x3f, 0xe0, 0x00, 0xff, 0xf0, 0x0f,
    0xf8, 0x00, 0x7f, 0xf0, 0x07, 0xfc, 0x00, 0x3f, 0xf0, 0x01, 0xff, 0x00,
    0x1f, 0xf8, 0x00, 0xff, 0x80, 0x0f, 0xf8, 0x00, 0x3f, 0xe0, 0x07, 0xf8,
    0x00, 0x1f, 0xf8, 0x03, 0xfc, 0x00, 0x07, 0xfc, 0x01, 0xfe, 0x00, 0x01,
    0xff, 0x00, 0xff, 0x00, 0x00, 0xff, 0x80, 0x7f, 0x80, 0x00, 0x3f, 0xe0,
    0x3f, 0xc0, 0x00, 0x1f, 0xf8, 0x1f, 0xe0, 0x00, 0x07, 0xfc, 0x0f, 0xf0,
    0x00, 0x01, 0xff, 0x07, 0xf8, 0x00, 0x00, 0xff, 0x83, 0xfc, 0x00, 0x00,
    0x3f, 0xe1, 0xfe, 0x00, 0x00, 0x1f, 0xf8, 0xff, 0x00, 0x00, 0x07, 0xfc,
    0x7f, 0x80, 0x00, 0x03, 0xff, 0x3f, 0xc0, 0x00, 0x00, 0xff, 0x9f, 0xe0,
    0x00, 0x00, 0x3f, 0xef, 0xf0, 0x00, 0x00, 0x1f, 0xf0, 0xff, 0x00, 0x00,
    0x01, 0xfe, 0x00, 0x00, 0x03, 0xfc, 0x00, 0x00, 0x07, 0xf8, 0x00, 0x00,
    0x0f, 0xf0, 0x00, 0x00, 0x1f, 0xe0, 0x00, 0x00, 0x3f, 0xc0, 0x00, 0x00,
    0x7f, 0x80, 0x00, 0x00, 0xff, 0x00, 0x00, 0x01, 0xfe, 0x00, 0x00, 0x03,
    0xfc, 0x00, 0x00, 0x07, 0xf8, 0x00, 0x00, 0x0f, 0xf0, 0x00, 0x00, 0x1f,
    0xe0, 0x00, 0x00, 0x3f, 0xc0, 0x00, 0x00, 0x7f, 0x80, 0x00, 0x00, 0xff,
    0x00, 0x00, 0x01, 0xfe, 0x00, 0x00, 0x03, 0xfc, 0x00, 0x00, 0x07, 0xf8,
    0x00, 0x00, 0x0f, 0xf0, 0x00, 0x00, 0x1f, 0xe0, 0x00, 0x00, 0x3f, 0xc0,
    0x00, 0x00, 0x7f, 0x80, 0x00, 0x00, 0xff, 0x00, 0x00, 0x01, 0xfe, 0x00,
    0x00, 0x03, 0xfc, 0x00, 0x00, 0x07, 0xf8, 0x00, 0x00, 0x0f, 0xf0, 0x00,
    0x00, 0x1f, 0xe0, 0x00, 0x00, 0x3f, 0xc0, 0x00, 0x00, 0x7f, 0x80, 0x00,
    0x00, 0xff, 0x00, 0x00, 0x01, 0xfe, 0x00, 0x00, 0x03, 0xfc, 0x00, 0x00,
    0x07, 0xf8, 0x00, 0x00, 0x0f, 0xf0, 0x00, 0x00, 0x1f, 0xe0, 0x00, 0x00,
    0x3f, 0xc0, 0x00, 0x00, 0x7f, 0x80, 0x00, 0x00, 0xff, 0x00, 0x00, 0x01,
    0xfe, 0x00, 0x00, 0x03, 0xfc, 0x00, 0x00, 0x07, 0xf8, 0x00, 0x00, 0x0f,
    0xf0, 0x00, 0x00, 0x1f, 0xe0, 0x00, 0x00, 0x3f, 0xff, 0xff, 0xff, 0xff,
    0xff, 0xff, 0xff, 0xff, 0xff, 0xff, 0xff, 0xff, 0xff, 0xff, 0xff, 0xff,
    0xff, 0xff, 0xff, 0xff, 0xff, 0xff, 0xff, 0xff, 0xff, 0xff, 0xe0, 0xff,
    0xc0, 0x00, 0x00, 0x0f, 0xff, 0xff, 0x00, 0x00, 0x00, 0x3f, 0xff, 0xfe,
    0x00, 0x00, 0x01, 0xff, 0xff, 0xf8, 0x00, 0x00, 0x07, 0xff, 0xff, 0xe0,
    0x00, 0x00, 0x1f, 0xff, 0xff, 0xc0, 0x00, 0x00, 0xff, 0xff, 0xff, 0x00,
    0x00, 0x03, 0xff, 0xff, 0xfc, 0x00, 0x00, 0x1f, 0xff, 0xff, 0xf8, 0x00,
    0x00, 0x7f, 0xff, 0xff, 0xe0, 0x00, 0x01, 0xff, 0xff, 0xdf, 0x80, 0x00,
    0x0f, 0xff, 0xff, 0xff, 0x00, 0x00, 0x3f, 0xff, 0xff, 0xfc, 0x00, 0x00,
    0xfd, 0xff, 0xfb, 0xf0, 0x00, 0x07, 0xf7, 0xff, 0xef, 0xe0, 0x00, 0x1f,
    0x9f, 0xff, 0xbf, 0x80, 0x00, 0x7e, 0x7f, 0xfe, 0x7f, 0x00, 0x03, 0xf9,
    0xff, 0xf9, 0xfc, 0x00, 0x0f, 0xc7, 0xff, 0xe7, 0xf0, 0x00, 0x3f, 0x3f,
    0xff, 0x8f, 0xe0, 0x01, 0xfc, 0xff, 0xfe, 0x3f, 0x80, 0x07, 0xe3, 0xff,
    0xf8, 0xfe, 0x00, 0x1f, 0x8f, 0xff, 0xe1, 0xfc, 0x00, 0xfe, 0x3f, 0xff,
    0x87, 0xf0, 0x03, 0xf0, 0xff, 0xfe, 0x0f, 0xc0, 0x1f, 0xc3, 0xff, 0xfc,
    0x3f, 0x80, 0x7f, 0x0f, 0xff, 0xf0, 0xfe, 0x01, 0xf8, 0x3f, 0xff, 0xc1,
    0xf8, 0x0f, 0xe0, 0xff, 0xff, 0x07, 0xf0, 0x3f, 0x83, 0xff, 0xfc, 0x1f,
    0xc0, 0xfc, 0x0f, 0xff, 0xf0, 0x3f, 0x07, 0xf0, 0x3f, 0xff, 0xc0, 0xfe,
    0x1f, 0x80, 0xff, 0xff, 0x01, 0xf8, 0x7e, 0x03, 0xff, 0xfc, 0x07, 0xe3,
    0xf8, 0x0f, 0xff, 0xf0, 0x1f, 0xcf, 0xc0, 0x3f, 0xff, 0xc0, 0x3f, 0x3f,
    0x00, 0xff, 0xff, 0x00, 0xfd, 0xfc, 0x03, 0xff, 0xfc, 0x03, 0xff, 0xe0,
    0x0f, 0xff, 0xf0, 0x07, 0xff, 0x80, 0x3f, 0xff, 0xc0, 0x1f, 0xfc, 0x00,
    0xff, 0xff, 0x00, 0x7f, 0xf0, 0x03, 0xff, 0xfc, 0x00, 0xff, 0xc0, 0x0f,
    0xff, 0xf0, 0x03, 0xfe, 0x00, 0x3f, 0xff, 0xc0, 0x07, 0xf8, 0x00, 0xff,
    0xff, 0x00, 0x1f, 0xe0, 0x03, 0xff, 0xfc, 0x00, 0x7f, 0x00, 0x0f, 0xff,
    0xf0, 0x00, 0xfc, 0x00, 0x3f, 0xff, 0xc0, 0x03, 0xf0, 0x00, 0xff, 0xff,
    0x00, 0x00, 0x00, 0x03, 0xff, 0xfc, 0x00, 0x00, 0x00, 0x0f, 0xff, 0xf0,
    0x00, 0x00, 0x00, 0x3f, 0xff, 0xc0, 0x00, 0x00, 0x00, 0xff, 0xff, 0x00,
    0x00, 0x00, 0x03, 0xfc, 0xff, 0x80, 0x00, 0x01, 0xff, 0xff, 0x00, 0x00,
    0x03, 0xff, 0xff, 0x00, 0x00, 0x07, 0xff, 0xff, 0x00, 0x00, 0x0f, 0xff,
    0xfe, 0x00, 0x00, 0x1f, 0xff, 0xfe, 0x00, 0x00, 0x3f, 0xff, 0xfc, 0x00,
    0x00, 0x7f, 0xff, 0xfc, 0x00, 0x00, 0xff, 0xff, 0xf8, 0x00, 0x01, 0xff,
    0xff, 0xf8, 0x00, 0x03, 0xff, 0xff, 0xf0, 0x00, 0x07, 0xff, 0xf7, 0xf0,
    0x00, 0x0f, 0xff, 0xef, 0xf0, 0x00, 0x1f, 0xff, 0xcf, 0xe0, 0x00, 0x3f,
    0xff, 0x9f, 0xe0, 0x00, 0x7f, 0xff, 0x1f, 0xc0, 0x00, 0xff, 0xfe, 0x3f,
    0xc0, 0x01, 0xff, 0xfc, 0x3f, 0x80, 0x03, 0xff, 0xf8, 0x7f, 0x80, 0x07,
    0xff, 0xf8, 0x7f, 0x80, 0x0f, 0xff, 0xf0, 0xff, 0x00, 0x1f, 0xff, 0xe0,
    0xff, 0x00, 0x3f, 0xff, 0xc1, 0xfe, 0x00, 0x7f, 0xff, 0x81, 0xfe, 0x00,
    0xff, 0xff, 0x03, 0xfc, 0x01, 0xff, 0xfe, 0x03, 0xfc, 0x03, 0xff, 0xfc,
    0x07, 0xfc, 0x07, 0xff, 0xf8, 0x07, 0xf8, 0x0f, 0xff, 0xf0, 0x0f, 0xf8,
    0x1f, 0xff, 0xe0, 0x0f, 0xf0, 0x3f, 0xff, 0xc0, 0x0f, 0xf0, 0x7f, 0xff,
    0x80, 0x1f, 0xe0, 0xff, 0xff, 0x00, 0x1f, 0xe1, 0xff, 0xfe, 0x00, 0x3f,
    0xc3, 0xff, 0xfc, 0x00, 0x3f, 0xc7, 0xff, 0xf8, 0x00, 0x7f, 0x8f, 0xff,
    0xf0, 0x00, 0x7f, 0x9f, 0xff, 0xe0, 0x00, 0x7f, 0x1f, 0xff, 0xc0, 0x00,
    0xff, 0x3f, 0xff, 0x80, 0x00, 0xfe, 0x7f, 0xff, 0x00, 0x01, 0xfe, 0xff,
    0xfe, 0x00, 0x01, 0xfd, 0xff, 0xfc, 0x00, 0x03, 0xff, 0xff, 0xf8, 0x00,
    0x03, 0xff, 0xff, 0xf0, 0x00, 0x07, 0xff, 0xff, 0xe0, 0x00, 0x07, 0xff,
    0xff, 0xc0, 0x00, 0x07, 0xff, 0xff, 0x80, 0x00, 0x0f, 0xff, 0xff, 0x00,
    0x00, 0x0f, 0xff, 0xfe, 0x00, 0x00, 0x1f, 0xff, 0xfc, 0x00, 0x00, 0x1f,
    0xff, 0xf8, 0x00, 0x00, 0x3f, 0xff, 0xf0, 0x00, 0x00, 0x3f, 0xe0, 0x00,
    0x00, 0x3f, 0xf0, 0x00, 0x00, 0x00, 0x07, 0xff, 0xfc, 0x00, 0x00, 0x00,
    0xff, 0xff, 0xfc, 0x00, 0x00, 0x07, 0xff, 0xff, 0xfc, 0x00, 0x00, 0x7f,
    0xff, 0xff, 0xf8, 0x00, 0x03, 0xff, 0xff, 0xff, 0xf0, 0x00, 0x1f, 0xff,
    0xff, 0xff, 0xe0, 0x00, 0xff, 0xfe, 0x1f, 0xff, 0xc0, 0x07, 0xff, 0xc0,
    0x07, 0xff, 0x80, 0x1f, 0xfc, 0x00, 0x0f, 0xfe, 0x00, 0xff, 0xe0, 0x00,
    0x0f, 0xfc, 0x03, 0xff, 0x00, 0x00, 0x1f, 0xf8, 0x1f, 0xf8, 0x00, 0x00,
    0x3f, 0xe0, 0x7f, 0xc0, 0x00, 0x00, 0xff, 0xc3, 0xfe, 0x00, 0x00, 0x01,
    0xff, 0x0f, 0xf8, 0x00, 0x00, 0x07, 0xfc, 0x7f, 0xe0, 0x00, 0x00, 0x0f,
    0xf9, 0xff, 0x00, 0x00, 0x00, 0x3f, 0xe7, 0xfc, 0x00, 0x00, 0x00, 0xff,
    0x9f, 0xf0, 0x00, 0x00, 0x01, 0xfe, 0x7f, 0x80, 0x00, 0x00, 0x07, 0xff,
    0xfe, 0x00, 0x00, 0x00, 0x1f, 0xff, 0xf8, 0x00, 0x00, 0x00, 0x7f, 0xff,
    0xe0, 0x00, 0x00, 0x01, 0xff, 0xff, 0x80, 0x00, 0x00, 0x03, 0xff, 0xfe,
    0x00, 0x00, 0x00, 0x0f, 0xff, 0xf8, 0x00, 0x00, 0x00, 0x3f, 0xff, 0xe0,
    0x00, 0x00, 0x00, 0xff, 0xff, 0x80, 0x00, 0x00, 0x03, 0xff, 0xfe, 0x00,
    0x00, 0x00, 0x0f, 0xff, 0xf8, 0x00, 0x00, 0x00, 0x3f, 0xff, 0xe0, 0x00,
    0x00, 0x01, 0xff, 0xff, 0x80, 0x00, 0x00, 0x07, 0xff, 0xfe, 0x00, 0x00,
    0x00, 0x1f, 0xf7, 0xf8, 0x00, 0x00, 0x00, 0x7f, 0xdf, 0xf0, 0x00, 0x00,
    0x01, 0xfe, 0x7f, 0xc0, 0x00, 0x00, 0x0f, 0xf9, 0xff, 0x00, 0x00, 0x00,
    0x3f, 0xe3, 0xfe, 0x00, 0x00, 0x00, 0xff, 0x8f, 0xf8, 0x00, 0x00, 0x07,
    0xfc, 0x3f, 0xf0, 0x00, 0x00, 0x1f, 0xf0, 0x7f, 0xc0, 0x00, 0x00, 0xff,
    0xc1, 0xff, 0x80, 0x00, 0x07, 0xfe, 0x03, 0xff, 0x00, 0x00, 0x1f, 0xf8,
    0x0f, 0xfe, 0x00, 0x00, 0xff, 0xc0, 0x1f, 0xfc, 0x00, 0x0f, 0xfe, 0x00,
    0x3f, 0xfc, 0x00, 0xff, 0xf8, 0x00, 0xff, 0xff, 0x3f, 0xff, 0xc0, 0x01,
    0xff, 0xff, 0xff, 0xfe, 0x00, 0x03, 0xff, 0xff, 0xff, 0xf0, 0x00, 0x03,
    0xff, 0xff, 0xff, 0x80, 0x00, 0x07, 0xff, 0xff, 0xf8, 0x00, 0x00, 0x07,
    0xff, 0xff, 0xc0, 0x00, 0x00, 0x07, 0xff, 0xfc, 0x00, 0x00, 0x00, 0x03,
    0xff, 0x00, 0x00, 0x00, 0xff, 0xff, 0xfc, 0x00, 0x0f, 0xff, 0xff, 0xfc,
    0x00, 0xff, 0xff, 0xff, 0xf8, 0x0f, 0xff, 0xff, 0xff, 0xe0, 0xff, 0xff,
    0xff, 0xff, 0x0f, 0xff, 0xff, 0xff, 0xf8, 0xff, 0xff, 0xff, 0xff, 0xcf,
    0xf0, 0x00, 0x3f, 0xfc, 0xff, 0x00, 0x00, 0xff, 0xef, 0xf0, 0x00, 0x03,
    0xfe, 0xff, 0x00, 0x00, 0x1f, 0xff, 0xf0, 0x00, 0x01, 0xff, 0xff, 0x00,
    0x00, 0x0f, 0xff, 0xf0, 0x00, 0x00, 0xff, 0xff, 0x00, 0x00, 0x0f, 0xff,
    0xf0, 0x00, 0x00, 0xff, 0xff, 0x00, 0x00, 0x0f, 0xff, 0xf0, 0x00, 0x00,
    0xff, 0xff, 0x00, 0x00, 0x0f, 0xff, 0xf0, 0x00, 0x00, 0xff, 0xff, 0x00,
    0x00, 0x1f, 0xff, 0xf0, 0x00, 0x01, 0xff, 0xff, 0x00, 0x00, 0x3f, 0xef,
    0xf0, 0x00, 0x07, 0xfe, 0xff, 0x00, 0x00, 0xff, 0xcf, 0xf0, 0x00, 0x7f,
    0xfc, 0xff, 0xff, 0xff, 0xff, 0x8f, 0xff, 0xff, 0xff, 0xf0, 0xff, 0xff,
    0xff, 0xfe, 0x0f, 0xff, 0xff, 0xff, 0xc0, 0xff, 0xff, 0xff, 0xf0, 0x0f,
    0xff, 0xff, 0xfc, 0x00, 0xff, 0xff, 0xfc, 0x00, 0x0f, 0xf0, 0x00, 0x00,
    0x00, 0xff, 0x00, 0x00, 0x00, 0x0f, 0xf0, 0x00, 0x00, 0x00, 0xff, 0x00,
    0x00, 0x00, 0x0f, 0xf0, 0x00, 0x00, 0x00, 0xff, 0x00, 0x00, 0x00, 0x0f,
    0xf0, 0x00, 0x00, 0x00, 0xff, 0x00, 0x00, 0x00, 0x0f, 0xf0, 0x00, 0x00,
    0x00, 0xff, 0x00, 0x00, 0x00, 0x0f, 0xf0, 0x00, 0x00, 0x00, 0xff, 0x00,
    0x00, 0x00, 0x0f, 0xf0, 0x00, 0x00, 0x00, 0xff, 0x00, 0x00, 0x00, 0x0f,
    0xf0, 0x00, 0x00, 0x00, 0xff, 0x00, 0x00, 0x00, 0x0f, 0xf0, 0x00, 0x00,
    0x00, 0xff, 0x00, 0x00, 0x00, 0x0f, 0xf0, 0x00, 0x00, 0x00, 0xff, 0x00,
    0x00, 0x00, 0x00, 0x00, 0x00, 0x3f, 0xf0, 0x00, 0x00, 0x00, 0x01, 0xff,
    0xff, 0x00, 0x00, 0x00, 0x0f, 0xff, 0xff, 0xc0, 0x00, 0x00, 0x1f, 0xff,
    0xff, 0xf0, 0x00, 0x00, 0x7f, 0xff, 0xff, 0xf8, 0x00, 0x00, 0xff, 0xff,
    0xff, 0xfc, 0x00, 0x01, 0xff, 0xff, 0xff, 0xfe, 0x00, 0x03, 0xff, 0xf8,
    0x7f, 0xff, 0x00, 0x07, 0xff, 0xc0, 0x07, 0xff, 0x80, 0x07, 0xff, 0x00,
    0x03, 0xff, 0x80, 0x0f, 0xfe, 0x00, 0x00, 0xff, 0xc0, 0x0f, 0xfc, 0x00,
    0x00, 0x7f, 0xe0, 0x1f, 0xf8, 0x00, 0x00, 0x3f, 0xe0, 0x1f, 0xf0, 0x00,
    0x00, 0x3f, 0xf0, 0x3f, 0xe0, 0x00, 0x00, 0x1f, 0xf0, 0x3f, 0xe0, 0x00,
    0x00, 0x1f, 0xf0, 0x3f, 0xe0, 0x00, 0x00, 0x0f, 0xf8, 0x7f, 0xc0, 0x00,
    0x00, 0x0f, 0xf8, 0x7f, 0xc0, 0x00, 0x00, 0x0f, 0xf8, 0x7f, 0xc0, 0x00,
    0x00, 0x07, 0xf8, 0x7f, 0x80, 0x00, 0x00, 0x07, 0xfc, 0xff, 0x80, 0x00,
    0x00, 0x07, 0xfc, 0xff, 0x80, 0x00, 0x00, 0x07, 0xfc, 0xff, 0x80, 0x00,
    0x00, 0x07, 0xfc, 0xff, 0x80, 0x00, 0x00, 0x03, 0xfc, 0xff, 0x80, 0x00,
    0x00, 0x03, 0xfc, 0xff, 0x80, 0x00, 0x00, 0x03, 0xfc, 0xff, 0x80, 0x00,
    0x00, 0x03, 0xfc, 0xff, 0x80, 0x00, 0x00, 0x03, 0xfc, 0xff, 0x80, 0x00,
    0x00, 0x03, 0xfc, 0xff, 0x80, 0x00, 0x00, 0x03, 0xfc, 0xff, 0x80, 0x00,
    0x00, 0x07, 0xfc, 0xff, 0x80, 0x00, 0x00, 0x07, 0xfc, 0xff, 0x80, 0x00,
    0x00, 0x07, 0xfc, 0x7f, 0x80, 0x00, 0x00, 0x07, 0xfc, 0x7f, 0x80, 0x00,
    0x00, 0x07, 0xf8, 0x7f, 0xc0, 0x00, 0x00, 0x07, 0xf8, 0x7f, 0xc0, 0x00,
    0x00, 0x0f, 0xf8, 0x3f, 0xc0, 0x00, 0x00, 0x0f, 0xf8, 0x3f, 0xe0, 0x00,
    0x00, 0x1f, 0xf0, 0x3f, 0xe0, 0x00, 0x00, 0x1f, 0xf0, 0x1f, 0xf0, 0x00,
    0x00, 0x1f, 0xf0, 0x1f, 0xf0, 0x00, 0x00, 0x3f, 0xe0, 0x1f, 0xf8, 0x00,
    0x00, 0x7f, 0xe0, 0x0f, 0xfc, 0x00, 0x00, 0xff, 0xc0, 0x07, 0xfe, 0x00,
    0x01, 0xff, 0xc0, 0x07, 0xff, 0x00, 0x03, 0xff, 0x80, 0x03, 0xff, 0xc0,
    0x0f, 0xff, 0x00, 0x01, 0xff, 0xff, 0xff, 0xfe, 0x00, 0x00, 0xff, 0xff,
    0xff, 0xfc, 0x00, 0x00, 0x7f, 0xff, 0xff, 0xf8, 0x00, 0x00, 0x3f, 0xff,
    0xff, 0xf0, 0x00, 0x00, 0x0f, 0xff, 0xff, 0xe0, 0x00, 0x00, 0x03, 0xff,
    0xff, 0x80, 0x00, 0x00, 0x00, 0xff, 0xfc, 0x00, 0x00, 0x00, 0x00, 0x1f,
    0xf0, 0x00, 0x00, 0x00, 0x00, 0x0f, 0xf8, 0x00, 0x00, 0x00, 0x00, 0x0f,
    0xfc, 0x00, 0x00, 0x00, 0x00, 0x07, 0xfe, 0x00, 0x00, 0x00, 0x00, 0x03,
    0xff, 0x80, 0x00, 0x00, 0x00, 0x01, 0xff, 0xf0, 0x00, 0x00, 0x00, 0x01,
    0xff, 0xff, 0xfe, 0x00, 0x00, 0x00, 0x7f, 0xff, 0xfe, 0x00, 0x00, 0x00,
    0x3f, 0xff, 0xfe, 0x00, 0x00, 0x00, 0x1f, 0xff, 0xfe, 0x00, 0x00, 0x00,
    0x07, 0xff, 0xff, 0x00, 0x00, 0x00, 0x01, 0xff, 0xff, 0x00, 0x00, 0x00,
    0x00, 0x1f, 0xf8, 0xff, 0xff, 0xfe, 0x00, 0x03, 0xff, 0xff, 0xff, 0x80,
    0x0f, 0xff, 0xff, 0xff, 0xc0, 0x3f, 0xff, 0xff, 0xff, 0x80, 0xff, 0xff,
    0xff, 0xff, 0x03, 0xff, 0xff, 0xff, 0xfe, 0x0f, 0xff, 0xff, 0xff, 0xfc,
    0x3f, 0xc0, 0x00, 0x7f, 0xf8, 0xff, 0x00, 0x00, 0x7f, 0xe3, 0xfc, 0x00,
    0x00, 0xff, 0xcf, 0xf0, 0x00, 0x01, 0xff, 0x3f, 0xc0, 0x00, 0x07, 0xfc,
    0xff, 0x00, 0x00, 0x0f, 0xf3, 0xfc, 0x00, 0x00, 0x3f, 0xcf, 0xf0, 0x00,
    0x00, 0xff, 0x3f, 0xc0, 0x00, 0x03, 0xfc, 0xff, 0x00, 0x00, 0x0f, 0xf3,
    0xfc, 0x00, 0x00, 0x3f, 0xcf, 0xf0, 0x00, 0x00, 0xff, 0x3f, 0xc0, 0x00,
    0x07, 0xfc, 0xff, 0x00, 0x00, 0x1f, 0xf3, 0xfc, 0x00, 0x00, 0xff, 0xcf,
    0xf0, 0x00, 0x07, 0xfe, 0x3f, 0xc0, 0x00, 0x3f, 0xf8, 0xff, 0x00, 0x07,
    0xff, 0xc3, 0xff, 0xff, 0xff, 0xfe, 0x0f, 0xff, 0xff, 0xff, 0xf0, 0x3f,
    0xff, 0xff, 0xff, 0x80, 0xff, 0xff, 0xff, 0xfc, 0x03, 0xff, 0xff, 0xff,
    0xc0, 0x0f, 0xff, 0xff, 0xfc, 0x00, 0x3f, 0xff, 0xff, 0xf0, 0x00, 0xff,
    0x00, 0x7f, 0xc0, 0x03, 0xfc, 0x00, 0xff, 0x80, 0x0f, 0xf0, 0x01, 0xff,
    0x00, 0x3f, 0xc0, 0x07, 0xfc, 0x00, 0xff, 0x00, 0x0f, 0xf8, 0x03, 0xfc,
    0x00, 0x3f, 0xe0, 0x0f, 0xf0, 0x00, 0x7f, 0xc0, 0x3f, 0xc0, 0x01, 0xff,
    0x80, 0xff, 0x00, 0x03, 0xfe, 0x03, 0xfc, 0x00, 0x0f, 0xfc, 0x0f, 0xf0,
    0x00, 0x1f, 0xf0, 0x3f, 0xc0, 0x00, 0x3f, 0xe0, 0xff, 0x00, 0x00, 0xff,
    0x83, 0xfc, 0x00, 0x01, 0xff, 0x0f, 0xf0, 0x00, 0x07, 0xfe, 0x3f, 0xc0,
    0x00, 0x0f, 0xf8, 0xff, 0x00, 0x00, 0x3f, 0xf3, 0xfc, 0x00, 0x00, 0x7f,
    0xcf, 0xf0, 0x00, 0x00, 0xff, 0xbf, 0xc0, 0x00, 0x03, 0xfe, 0xff, 0x00,
    0x00, 0x07, 0xfc, 0x00, 0x01, 0xff, 0x80, 0x00, 0x00, 0x3f, 0xff, 0xc0,
    0x00, 0x03, 0xff, 0xff, 0xc0, 0x00, 0x3f, 0xff, 0xff, 0xc0, 0x01, 0xff,
    0xff, 0xff, 0xc0, 0x0f, 0xff, 0xff, 0xff, 0x80, 0x7f, 0xff, 0xff, 0xff,
    0x01, 0xff, 0xf0, 0xff, 0xf8, 0x0f, 0xfe, 0x00, 0x3f, 0xe0, 0x3f, 0xe0,
    0x00, 0x3f, 0x01, 0xff, 0x00, 0x00, 0x38, 0x07, 0xfc, 0x00, 0x00, 0x40,
    0x1f, 0xe0, 0x00, 0x00, 0x00, 0x7f, 0x80, 0x00, 0x00, 0x01, 0xfe, 0x00,
    0x00, 0x00, 0x07, 0xf8, 0x00, 0x00, 0x00, 0x1f, 0xf0, 0x00, 0x00, 0x00,
    0x7f, 0xc0, 0x00, 0x00, 0x01, 0xff, 0x80, 0x00, 0x00, 0x07, 0xff, 0x00,
    0x00, 0x00, 0x0f, 0xff, 0x00, 0x00, 0x00, 0x3f, 0xff, 0x00, 0x00, 0x00,
    0x7f, 0xff, 0x80, 0x00, 0x00, 0xff, 0xff, 0x80, 0x00, 0x01, 0xff, 0xff,
    0x80, 0x00, 0x03, 0xff, 0xff, 0xc0, 0x00, 0x07, 0xff, 0xff, 0xc0, 0x00,
    0x07, 0xff, 0xff, 0x80, 0x00, 0x07, 0xff, 0xff, 0x80, 0x00, 0x03, 0xff,
    0xff, 0x00, 0x00, 0x03, 0xff, 0xfe, 0x00, 0x00, 0x03, 0xff, 0xf8, 0x00,
    0x00, 0x01, 0xff, 0xf0, 0x00, 0x00, 0x01, 0xff, 0xe0, 0x00, 0x00, 0x03,
    0xff, 0x80, 0x00, 0x00, 0x07, 0xfe, 0x00, 0x00, 0x00, 0x0f, 0xfc, 0x00,
    0x00, 0x00, 0x1f, 0xf0, 0x00, 0x00, 0x00, 0x7f, 0xc0, 0x00, 0x00, 0x01,
    0xff, 0x00, 0x00, 0x00, 0x07, 0xfc, 0x00, 0x00, 0x00, 0x1f, 0xf0, 0xc0,
    0x00, 0x00, 0x7f, 0x87, 0xc0, 0x00, 0x03, 0xfe, 0x3f, 0x80, 0x00, 0x0f,
    0xf8, 0xff, 0x80, 0x00, 0x7f, 0xc7, 0xff, 0x80, 0x07, 0xff, 0x1f, 0xff,
    0xf0, 0xff, 0xf8, 0x3f, 0xff, 0xff, 0xff, 0xe0, 0x7f, 0xff, 0xff, 0xff,
    0x00, 0xff, 0xff, 0xff, 0xf8, 0x00, 0xff, 0xff, 0xff, 0x80, 0x00, 0xff,
    0xff, 0xfc, 0x00, 0x00, 0xff, 0xff, 0xc0, 0x00, 0x00, 0x3f, 0xf0, 0x00,
    0x00, 0xff, 0xff, 0xff, 0xff, 0xff, 0xff, 0xff, 0xff, 0xff, 0xff, 0xff,
    0xff, 0xff, 0xff, 0xff, 0xff, 0xff, 0xff, 0xff, 0xff, 0xff, 0xff, 0xff,
    0xff, 0xff, 0xff, 0xff, 0xff, 0xff, 0xff, 0xff, 0xff, 0xff, 0xff, 0xff,
    0x00, 0x00, 0xff, 0x00, 0x00, 0x00, 0x00, 0xff, 0x00, 0x00, 0x00, 0x00,
    0xff, 0x00, 0x00, 0x00, 0x00, 0xff, 0x00, 0x00, 0x00, 0x00, 0xff, 0x00,
    0x00, 0x00, 0x00, 0xff, 0x00, 0x00, 0x00, 0x00, 0xff, 0x00, 0x00, 0x00,
    0x00, 0xff, 0x00, 0x00, 0x00, 0x00, 0xff, 0x00, 0x00, 0x00, 0x00, 0xff,
    0x00, 0x00, 0x00, 0x00, 0xff, 0x00, 0x00, 0x00, 0x00, 0xff, 0x00, 0x00,
    0x00, 0x00, 0xff, 0x00, 0x00, 0x00, 0x00, 0xff, 0x00, 0x00, 0x00, 0x00,
    0xff, 0x00, 0x00, 0x00, 0x00, 0xff, 0x00, 0x00, 0x00, 0x00, 0xff, 0x00,
    0x00, 0x00, 0x00, 0xff, 0x00, 0x00, 0x00, 0x00, 0xff, 0x00, 0x00, 0x00,
    0x00, 0xff, 0x00, 0x00, 0x00, 0x00, 0xff, 0x00, 0x00, 0x00, 0x00, 0xff,
    0x00, 0x00, 0x00, 0x00, 0xff, 0x00, 0x00, 0x00, 0x00, 0xff, 0x00, 0x00,
    0x00, 0x00, 0xff, 0x00, 0x00, 0x00, 0x00, 0xff, 0x00, 0x00, 0x00, 0x00,
    0xff, 0x00, 0x00, 0x00, 0x00, 0xff, 0x00, 0x00, 0x00, 0x00, 0xff, 0x00,
    0x00, 0x00, 0x00, 0xff, 0x00, 0x00, 0x00, 0x00, 0xff, 0x00, 0x00, 0x00,
    0x00, 0xff, 0x00, 0x00, 0x00, 0x00, 0xff, 0x00, 0x00, 0x00, 0x00, 0xff,
    0x00, 0x00, 0x00, 0x00, 0xff, 0x00, 0x00, 0x00, 0x00, 0xff, 0x00, 0x00,
    0x00, 0x00, 0xff, 0x00, 0x00, 0x00, 0x00, 0xff, 0x00, 0x00, 0x00, 0x00,
    0xff, 0x00, 0x00, 0x00, 0x00, 0xff, 0x00, 0x00, 0x00, 0x00, 0xff, 0x00,
    0x00, 0x00, 0x00, 0xff, 0x00, 0x00, 0x00, 0x00, 0xff, 0x00, 0x00, 0x00,
    0x00, 0xff, 0x00, 0x00, 0x00, 0x00, 0xff, 0x00, 0x00, 0x00, 0x00, 0xff,
    0x00, 0x00, 0xff, 0x00, 0x00, 0x01, 0xff, 0xfe, 0x00, 0x00, 0x03, 0xff,
    0xfc, 0x00, 0x00, 0x07, 0xff, 0xf8, 0x00, 0x00, 0x0f, 0xff, 0xf0, 0x00,
    0x00, 0x1f, 0xff, 0xe0, 0x00, 0x00, 0x3f, 0xff, 0xc0, 0x00, 0x00, 0x7f,
    0xff, 0x80, 0x00, 0x00, 0xff, 0xff, 0x00, 0x00, 0x01, 0xff, 0xfe, 0x00,
    0x00, 0x03, 0xff, 0xfc, 0x00, 0x00, 0x07, 0xff, 0xf8, 0x00, 0x00, 0x0f,
    0xff, 0xf0, 0x00, 0x00, 0x1f, 0xff, 0xe0, 0x00, 0x00, 0x3f, 0xff, 0xc0,
    0x00, 0x00, 0x7f, 0xff, 0x80, 0x00, 0x00, 0xff, 0xff, 0x00, 0x00, 0x01,
    0xff, 0xfe, 0x00, 0x00, 0x03, 0xff, 0xfc, 0x00, 0x00, 0x07, 0xff, 0xf8,
    0x00, 0x00, 0x0f, 0xff, 0xf0, 0x00, 0x00, 0x1f, 0xff, 0xe0, 0x00, 0x00,
    0x3f, 0xff, 0xc0, 0x00, 0x00, 0x7f, 0xff, 0x80, 0x00, 0x00, 0xff, 0xff,
    0x00, 0x00, 0x01, 0xff, 0xfe, 0x00, 0x00, 0x03, 0xff, 0xfc, 0x00, 0x00,
    0x07, 0xff, 0xf8, 0x00, 0x00, 0x0f, 0xff, 0xf0, 0x00, 0x00, 0x1f, 0xff,
    0xe0, 0x00, 0x00, 0x3f, 0xff, 0xc0, 0x00, 0x00, 0x7f, 0xff, 0x80, 0x00,
    0x00, 0xff, 0xff, 0x00, 0x00, 0x01, 0xff, 0xfe, 0x00, 0x00, 0x03, 0xff,
    0xfc, 0x00, 0x00, 0x07, 0xff, 0xf8, 0x00, 0x00, 0x0f, 0xff, 0xf0, 0x00,
    0x00, 0x1f, 0xff, 0xf0, 0x00, 0x00, 0x7f, 0xff, 0xe0, 0x00, 0x00, 0xff,
    0x3f, 0xc0, 0x00, 0x01, 0xfe, 0x7f, 0xc0, 0x00, 0x07, 0xfc, 0xff, 0x80,
    0x00, 0x0f, 0xf8, 0xff, 0x80, 0x00, 0x3f, 0xe1, 0xff, 0x00, 0x00, 0xff,
    0xc3, 0xff, 0x80, 0x03, 0xff, 0x03, 0xff, 0x80, 0x0f, 0xfe, 0x07, 0xff,
    0xe1, 0xff, 0xf8, 0x07, 0xff, 0xff, 0xff, 0xf0, 0x07, 0xff, 0xff, 0xff,
    0xc0, 0x07, 0xff, 0xff, 0xff, 0x00, 0x07, 0xff, 0xff, 0xfc, 0x00, 0x03,
    0xff, 0xff, 0xe0, 0x00, 0x01, 0xff, 0xff, 0x00, 0x00, 0x00, 0x7f, 0xf0,
    0x00, 0x00, 0xff, 0x80, 0x00, 0x00, 0x3f, 0xff, 0xf0, 0x00, 0x00, 0x07,
    0xfd, 0xfe, 0x00, 0x00, 0x00, 0xff, 0x3f, 0xe0, 0x00, 0x00, 0x3f, 0xe7,
    0xfc, 0x00, 0x00, 0x07, 0xfc, 0x7f, 0x80, 0x00, 0x00, 0xff, 0x0f, 0xf8,
    0x00, 0x00, 0x1f, 0xe1, 0xff, 0x00, 0x00, 0x07, 0xfc, 0x3f, 0xe0, 0x00,
    0x00, 0xff, 0x03, 0xfc, 0x00, 0x00, 0x1f, 0xe0, 0x7f, 0xc0, 0x00, 0x07,
    0xfc, 0x0f, 0xf8, 0x00, 0x00, 0xff, 0x00, 0xff, 0x00, 0x00, 0x1f, 0xe0,
    0x1f, 0xf0, 0x00, 0x03, 0xfc, 0x03, 0xfe, 0x00, 0x00, 0xff, 0x00, 0x3f,
    0xc0, 0x00, 0x1f, 0xe0, 0x07, 0xf8, 0x00, 0x03, 0xfc, 0x00, 0xff, 0x80,
    0x00, 0xff, 0x00, 0x0f, 0xf0, 0x00, 0x1f, 0xe0, 0x01, 0xfe, 0x00, 0x03,
    0xfc, 0x00, 0x3f, 0xe0, 0x00, 0x7f, 0x80, 0x03, 0xfc, 0x00, 0x1f, 0xe0,
    0x00, 0x7f, 0x80, 0x03, 0xfc, 0x00, 0x0f, 0xf0, 0x00, 0x7f, 0x80, 0x00,
    0xff, 0x00, 0x1f, 0xe0, 0x00, 0x1f, 0xe0, 0x03, 0xfc, 0x00, 0x03, 0xfc,
    0x00, 0x7f, 0x80, 0x00, 0x7f, 0xc0, 0x0f, 0xe0, 0x00, 0x07, 0xf8, 0x03,
    0xfc, 0x00, 0x00, 0xff, 0x00, 0x7f, 0x80, 0x00, 0x1f, 0xe0, 0x0f, 0xe0,
    0x00, 0x01, 0xfe, 0x03, 0xfc, 0x00, 0x00, 0x3f, 0xc0, 0x7f, 0x80, 0x00,
    0x07, 0xf8, 0x0f, 0xe0, 0x00, 0x00, 0x7f, 0x81, 0xfc, 0x00, 0x00, 0x0f,
    0xf0, 0x7f, 0x80, 0x00, 0x01, 0xfe, 0x0f, 0xf0, 0x00, 0x00, 0x1f, 0xc1,
    0xfc, 0x00, 0x00, 0x03, 0xfc, 0x3f, 0x80, 0x00, 0x00, 0x7f, 0x8f, 0xf0,
    0x00, 0x00, 0x07, 0xf1, 0xfc, 0x00, 0x00, 0x00, 0xfe, 0x3f, 0x80, 0x00,
    0x00, 0x1f, 0xef, 0xf0, 0x00, 0x00, 0x03, 0xfd, 0xfc, 0x00, 0x00, 0x00,
    0x3f, 0xbf, 0x80, 0x00, 0x00, 0x07, 0xff, 0xf0, 0x00, 0x00, 0x00, 0xff,
    0xfc, 0x00, 0x00, 0x00, 0x0f, 0xff, 0x80, 0x00, 0x00, 0x01, 0xff, 0xf0,
    0x00, 0x00, 0x00, 0x3f, 0xfc, 0x00, 0x00, 0x00, 0x03, 0xff, 0x80, 0x00,
    0x00, 0x00, 0x7f, 0xf0, 0x00, 0x00, 0x00, 0x0f, 0xfe, 0x00, 0x00, 0xff,
    0x00, 0x00, 0x1f, 0xc0, 0x00, 0x07, 0xff, 0xf8, 0x00, 0x01, 0xff, 0x00,
    0x00, 0x7f, 0xbf, 0xe0, 0x00, 0x0f, 0xf8, 0x00, 0x03, 0xfd, 0xff, 0x00,
    0x00, 0x7f, 0xc0, 0x00, 0x1f, 0xe7, 0xf8, 0x00, 0x03, 0xfe, 0x00, 0x00,
    0xff, 0x3f, 0xc0, 0x00, 0x3f, 0xf8, 0x00, 0x07, 0xf9, 0xfe, 0x00, 0x01,
    0xff, 0xc0, 0x00, 0x7f, 0x8f, 0xf8, 0x00, 0x0f, 0xfe, 0x00, 0x03, 0xfc,
    0x7f, 0xc0, 0x00, 0x7f, 0xf0, 0x00, 0x1f, 0xe1, 0xfe, 0x00, 0x07, 0xff,
    0xc0, 0x00, 0xff, 0x0f, 0xf0, 0x00, 0x3f, 0xfe, 0x00, 0x07, 0xf8, 0x7f,
    0x80, 0x01, 0xff, 0xf0, 0x00, 0x3f, 0x83, 0xfc, 0x00, 0x0f, 0xff, 0x80,
    0x03, 0xfc, 0x1f, 0xf0, 0x00, 0xfe, 0xfe, 0x00, 0x1f, 0xe0, 0x7f, 0x80,
    0x07, 0xe7, 0xf0, 0x00, 0xff, 0x03, 0xfc, 0x00, 0x3f, 0x3f, 0x80, 0x07,
    0xf8, 0x1f, 0xe0, 0x01, 0xf9, 0xfc, 0x00, 0x3f, 0x80, 0xff, 0x00, 0x1f,
    0xcf, 0xe0, 0x03, 0xfc, 0x07, 0xfc, 0x00, 0xfe, 0x3f, 0x80, 0x1f, 0xe0,
    0x1f, 0xe0, 0x07, 0xe1, 0xfc, 0x00, 0xff, 0x00, 0xff, 0x00, 0x3f, 0x0f,
    0xe0, 0x07, 0xf8, 0x07, 0xf8, 0x03, 0xf8, 0x7f, 0x00, 0x3f, 0x80, 0x3f,
    0xc0, 0x1f, 0xc1, 0xfc, 0x01, 0xfc, 0x01, 0xfe, 0x00, 0xfe, 0x0f, 0xe0,
    0x1f, 0xe0, 0x07, 0xf8, 0x07, 0xe0, 0x7f, 0x00, 0xff, 0x00, 0x3f, 0xc0,
    0x7f, 0x03, 0xf8, 0x07, 0xf8, 0x01, 0xfe, 0x03, 0xf8, 0x1f, 0xe0, 0x3f,
    0x80, 0x0f, 0xf0, 0x1f, 0xc0, 0x7f, 0x01, 0xfc, 0x00, 0x7f, 0x80, 0xfc,
    0x03, 0xf8, 0x1f, 0xe0, 0x01, 0xfe, 0x07, 0xe0, 0x1f, 0xc0, 0xff, 0x00,
    0x0f, 0xf0, 0x7f, 0x00, 0xff, 0x07, 0xf8, 0x00, 0x7f, 0x83, 0xf8, 0x03,
    0xf8, 0x3f, 0x80, 0x03, 0xfc, 0x1f, 0x80, 0x1f, 0xc1, 0xfc, 0x00, 0x1f,
    0xe0, 0xfc, 0x00, 0xfe, 0x0f, 0xe0, 0x00, 0x7f, 0x0f, 0xe0, 0x07, 0xf0,
    0x7f, 0x00, 0x03, 0xfc, 0x7f, 0x00, 0x1f, 0xc7, 0xf8, 0x00, 0x1f, 0xe3,
    0xf0, 0x00, 0xfe, 0x3f, 0x80, 0x00, 0xff, 0x1f, 0x80, 0x07, 0xf1, 0xfc,
    0x00, 0x07, 0xf8, 0xfc, 0x00, 0x3f, 0x8f, 0xe0, 0x00, 0x1f, 0xcf, 0xe0,
    0x00, 0xfc, 0x7f, 0x00, 0x00, 0xfe, 0x7f, 0x00, 0x07, 0xf3, 0xf8, 0x00,
    0x07, 0xfb, 0xf0, 0x00, 0x3f, 0xbf, 0x80, 0x00, 0x3f, 0xdf, 0x80, 0x01,
    0xfd, 0xfc, 0x00, 0x01, 0xfe, 0xfc, 0x00, 0x07, 0xef, 0xe0, 0x00, 0x07,
    0xff, 0xe0, 0x00, 0x3f, 0xff, 0x00, 0x00, 0x3f, 0xfe, 0x00, 0x01, 0xff,
    0xf8, 0x00, 0x01, 0xff, 0xf0, 0x00, 0x0f, 0xff, 0x80, 0x00, 0x0f, 0xff,
    0x80, 0x00, 0x3f, 0xfc, 0x00, 0x00, 0x7f, 0xfc, 0x00, 0x01, 0xff, 0xe0,
    0x00, 0x01, 0xff, 0xc0, 0x00, 0x0f, 0xff, 0x00, 0x00, 0x0f, 0xfe, 0x00,
    0x00, 0x7f, 0xf8, 0x00, 0x00, 0x7f, 0xf0, 0x00, 0x01, 0xff, 0xc0, 0x00,
    0x03, 0xff, 0x80, 0x00, 0x0f, 0xfc, 0x00, 0x00, 0x7f, 0xe0, 0x00, 0x01,
    0xff, 0x1f, 0xf0, 0x00, 0x01, 0xff, 0x0f, 0xfc, 0x00, 0x00, 0xff, 0x03,
    0xfe, 0x00, 0x00, 0xff, 0x80, 0xff, 0x80, 0x00, 0x7f, 0x80, 0x7f, 0xc0,
    0x00, 0x7f, 0xc0, 0x1f, 0xf0, 0x00, 0x3f, 0xc0, 0x0f, 0xf8, 0x00, 0x3f,
    0xe0, 0x03, 0xfe, 0x00, 0x1f, 0xe0, 0x01, 0xff, 0x00, 0x1f, 0xf0, 0x00,
    0x7f, 0xc0, 0x0f, 0xf0, 0x00, 0x3f, 0xe0, 0x0f, 0xf8, 0x00, 0x0f, 0xf8,
    0x07, 0xf8, 0x00, 0x03, 0xfc, 0x07, 0xf8, 0x00, 0x01, 0xff, 0x03, 0xfc,
    0x00, 0x00, 0x7f, 0x83, 0xfc, 0x00, 0x00, 0x3f, 0xe1, 0xfe, 0x00, 0x00,
    0x0f, 0xf1, 0xfe, 0x00, 0x00, 0x07, 0xfc, 0xff, 0x00, 0x00, 0x01, 0xfe,
    0x7f, 0x00, 0x00, 0x00, 0xff, 0xff, 0x80, 0x00, 0x00, 0x3f, 0xff, 0x80,
    0x00, 0x00, 0x0f, 0xff, 0xc0, 0x00, 0x00, 0x07, 0xff, 0xc0, 0x00, 0x00,
    0x01, 0xff, 0xc0, 0x00, 0x00, 0x00, 0xff, 0xe0, 0x00, 0x00, 0x00, 0x7f,
    0xf0, 0x00, 0x00, 0x00, 0x7f, 0xf8, 0x00, 0x00, 0x00, 0x3f, 0xfe, 0x00,
    0x00, 0x00, 0x3f, 0xff, 0x80, 0x00, 0x00, 0x1f, 0xff, 0xc0, 0x00, 0x00,
    0x1f, 0xff, 0xf0, 0x00, 0x00, 0x0f, 0xe7, 0xf8, 0x00, 0x00, 0x0f, 0xf3,
    0xfe, 0x00, 0x00, 0x0f, 0xf0, 0xff, 0x00, 0x00, 0x07, 0xf8, 0x7f, 0xc0,
    0x00, 0x07, 0xf8, 0x1f, 0xf0, 0x00, 0x03, 0xfc, 0x0f, 0xf8, 0x00, 0x03,
    0xfc, 0x03, 0xfe, 0x00, 0x01, 0xfe, 0x01, 0xff, 0x00, 0x01, 0xfe, 0x00,
    0x7f, 0xc0, 0x00, 0xff, 0x00, 0x3f, 0xe0, 0x00, 0xff, 0x00, 0x0f, 0xf8,
    0x00, 0xff, 0x80, 0x07, 0xfc, 0x00, 0x7f, 0x80, 0x01, 0xff, 0x00, 0x7f,
    0xc0, 0x00, 0x7f, 0xc0, 0x3f, 0xc0, 0x00, 0x3f, 0xe0, 0x3f, 0xe0, 0x00,
    0x0f, 0xf8, 0x1f, 0xe0, 0x00, 0x07, 0xfc, 0x1f, 0xf0, 0x00, 0x01, 0xff,
    0x0f, 0xf0, 0x00, 0x00, 0xff, 0x8f, 0xf8, 0x00, 0x00, 0x3f, 0xef, 0xf8,
    0x00, 0x00, 0x1f, 0xf8, 0xff, 0x80, 0x00, 0x01, 0xff, 0xff, 0x80, 0x00,
    0x01, 0xfe, 0x7f, 0xc0, 0x00, 0x03, 0xfe, 0x7f, 0xc0, 0x00, 0x03, 0xfc,
    0x3f, 0xe0, 0x00, 0x07, 0xfc, 0x3f, 0xe0, 0x00, 0x07, 0xf8, 0x1f, 0xf0,
    0x00, 0x0f, 0xf8, 0x1f, 0xf0, 0x00, 0x0f, 0xf0, 0x0f, 0xf0, 0x00, 0x0f,
    0xf0, 0x0f, 0xf8, 0x00, 0x1f, 0xe0, 0x07, 0xf8, 0x00, 0x1f, 0xe0, 0x07,
    0xfc, 0x00, 0x3f, 0xc0, 0x03, 0xfc, 0x00, 0x3f, 0xc0, 0x03, 0xfe, 0x00,
    0x7f, 0xc0, 0x01, 0xfe, 0x00, 0x7f, 0x80, 0x01, 0xfe, 0x00, 0x7f, 0x80,
    0x00, 0xff, 0x00, 0xff, 0x00, 0x00, 0xff, 0x00, 0xff, 0x00, 0x00, 0x7f,
    0x81, 0xfe, 0x00, 0x00, 0x7f, 0x81, 0xfe, 0x00, 0x00, 0x3f, 0xc3, 0xfc,
    0x00, 0x00, 0x3f, 0xc3, 0xfc, 0x00, 0x00, 0x1f, 0xc7, 0xf8, 0x00, 0x00,
    0x1f, 0xe7, 0xf8, 0x00, 0x00, 0x0f, 0xe7, 0xf0, 0x00, 0x00, 0x0f, 0xff,
    0xf0, 0x00, 0x00, 0x07, 0xff, 0xe0, 0x00, 0x00, 0x07, 0xff, 0xe0, 0x00,
    0x00, 0x07, 0xff, 0xc0, 0x00, 0x00, 0x03, 0xff, 0xc0, 0x00, 0x00, 0x03,
    0xff, 0x80, 0x00, 0x00, 0x01, 0xff, 0x80, 0x00, 0x00, 0x01, 0xff, 0x00,
    0x00, 0x00, 0x00, 0xff, 0x00, 0x00, 0x00, 0x00, 0xff, 0x00, 0x00, 0x00,
    0x00, 0xff, 0x00, 0x00, 0x00, 0x00, 0xff, 0x00, 0x00, 0x00, 0x00, 0xff,
    0x00, 0x00, 0x00, 0x00, 0xff, 0x00, 0x00, 0x00, 0x00, 0xff, 0x00, 0x00,
    0x00, 0x00, 0xff, 0x00, 0x00, 0x00, 0x00, 0xff, 0x00, 0x00, 0x00, 0x00,
    0xff, 0x00, 0x00, 0x00, 0x00, 0xff, 0x00, 0x00, 0x00, 0x00, 0xff, 0x00,
    0x00, 0x00, 0x00, 0xff, 0x00, 0x00, 0x00, 0x00, 0xff, 0x00, 0x00, 0x00,
    0x00, 0xff, 0x00, 0x00, 0x00, 0x00, 0xff, 0x00, 0x00, 0x00, 0x00, 0xff,
    0x00, 0x00, 0x00, 0x00, 0xff, 0x00, 0x00, 0x00, 0x00, 0xff, 0x00, 0x00,
    0x00, 0x00, 0xff, 0x00, 0x00, 0x1f, 0xff, 0xff, 0xff, 0xf8, 0x7f, 0xff,
    0xff, 0xff, 0xe1, 0xff, 0xff, 0xff, 0xff, 0x87, 0xff, 0xff, 0xff, 0xfe,
    0x1f, 0xff, 0xff, 0xff, 0xf8, 0x7f, 0xff, 0xff, 0xff, 0xe1, 0xff, 0xff,
    0xff, 0xff, 0x00, 0x00, 0x00, 0x07, 0xfc, 0x00, 0x00, 0x00, 0x3f, 0xe0,
    0x00, 0x00, 0x01, 0xff, 0x00, 0x00, 0x00, 0x07, 0xfc, 0x00, 0x00, 0x00,
    0x3f, 0xe0, 0x00, 0x00, 0x01, 0xff, 0x00, 0x00, 0x00, 0x07, 0xfc, 0x00,
    0x00, 0x00, 0x3f, 0xe0, 0x00, 0x00, 0x01, 0xff, 0x00, 0x00, 0x00, 0x07,
    0xfc, 0x00, 0x00, 0x00, 0x3f, 0xe0, 0x00, 0x00, 0x01, 0xff, 0x80, 0x00,
    0x00, 0x07, 0xfc, 0x00, 0x00, 0x00, 0x3f, 0xe0, 0x00, 0x00, 0x00, 0xff,
    0x80, 0x00, 0x00, 0x07, 0xfc, 0x00, 0x00, 0x00, 0x3f, 0xe0, 0x00, 0x00,
    0x00, 0xff, 0x80, 0x00, 0x00, 0x07, 0xfc, 0x00, 0x00, 0x00, 0x3f, 0xe0,
    0x00, 0x00, 0x00, 0xff, 0x80, 0x00, 0x00, 0x07, 0xfc, 0x00, 0x00, 0x00,
    0x3f, 0xe0, 0x00, 0x00, 0x00, 0xff, 0x80, 0x00, 0x00, 0x07, 0xfc, 0x00,
    0x00, 0x00, 0x3f, 0xe0, 0x00, 0x00, 0x00, 0xff, 0x80, 0x00, 0x00, 0x07,
    0xfc, 0x00, 0x00, 0x00, 0x3f, 0xe0, 0x00, 0x00, 0x00, 0xff, 0x80, 0x00,
    0x00, 0x07, 0xfc, 0x00, 0x00, 0x00, 0x3f, 0xf0, 0x00, 0x00, 0x00, 0xff,
    0x80, 0x00, 0x00, 0x07, 0xfc, 0x00, 0x00, 0x00, 0x1f, 0xf0, 0x00, 0x00,
    0x00, 0xff, 0x80, 0x00, 0x00, 0x07, 0xfc, 0x00, 0x00, 0x00, 0x1f, 0xf0,
    0x00, 0x00, 0x00, 0xff, 0x80, 0x00, 0x00, 0x07, 0xff, 0xff, 0xff, 0xff,
    0xdf, 0xff, 0xff, 0xff, 0xff, 0xff, 0xff, 0xff, 0xff, 0xff, 0xff, 0xff,
    0xff, 0xff, 0xff, 0xff, 0xff, 0xff, 0xff, 0xff, 0xff, 0xff, 0xff, 0xff,
    0xff, 0xff, 0xff, 0xff, 0xfc, 0xff, 0xff, 0xff, 0xff, 0xff, 0xff, 0xff,
    0xff, 0xff, 0xff, 0xfe, 0x00, 0xfe, 0x00, 0xfe, 0x00, 0xfe, 0x00, 0xfe,
    0x00, 0xfe, 0x00, 0xfe, 0x00, 0xfe, 0x00, 0xfe, 0x00, 0xfe, 0x00, 0xfe,
    0x00, 0xfe, 0x00, 0xfe, 0x00, 0xfe, 0x00, 0xfe, 0x00, 0xfe, 0x00, 0xfe,
    0x00, 0xfe, 0x00, 0xfe, 0x00, 0xfe, 0x00, 0xfe, 0x00, 0xfe, 0x00, 0xfe,
    0x00, 0xfe, 0x00, 0xfe, 0x00, 0xfe, 0x00, 0xfe, 0x00, 0xfe, 0x00, 0xfe,
    0x00, 0xfe, 0x00, 0xfe, 0x00, 0xfe, 0x00, 0xfe, 0x00, 0xfe, 0x00, 0xfe,
    0x00, 0xfe, 0x00, 0xfe, 0x00, 0xfe, 0x00, 0xfe, 0x00, 0xfe, 0x00, 0xfe,
    0x00, 0xfe, 0x00, 0xfe, 0x00, 0xfe, 0x00, 0xfe, 0x00, 0xfe, 0x00, 0xfe,
    0x00, 0xfe, 0x00, 0xfe, 0x00, 0xfe, 0x00, 0xfe, 0x00, 0xfe, 0x00, 0xfe,
    0x00, 0xfe, 0x00, 0xfe, 0x00, 0xfe, 0x00, 0xfe, 0x00, 0xfe, 0x00, 0xfe,
    0x00, 0xfe, 0x00, 0xfe, 0x00, 0xff, 0xff, 0xff, 0xff, 0xff, 0xff, 0xff,
    0xff, 0xff, 0xff, 0x7c, 0x00, 0x00, 0x1f, 0x80, 0x00, 0x07, 0xe0, 0x00,
    0x00, 0xf8, 0x00, 0x00, 0x3f, 0x00, 0x00, 0x0f, 0xc0, 0x00, 0x03, 0xf0,
    0x00, 0x00, 0x7c, 0x00, 0x00, 0x1f, 0x80, 0x00, 0x07, 0xe0, 0x00, 0x00,
    0xf8, 0x00, 0x00, 0x3f, 0x00, 0x00, 0x0f, 0xc0, 0x00, 0x03, 0xf0, 0x00,
    0x00, 0x7c, 0x00, 0x00, 0x1f, 0x80, 0x00, 0x07, 0xe0, 0x00, 0x00, 0xf8,
    0x00, 0x00, 0x3f, 0x00, 0x00, 0x0f, 0xc0, 0x00, 0x03, 0xf0, 0x00, 0x00,
    0x7c, 0x00, 0x00, 0x1f, 0x80, 0x00, 0x07, 0xe0, 0x00, 0x00, 0xf8, 0x00,
    0x00, 0x3f, 0x00, 0x00, 0x0f, 0xc0, 0x00, 0x03, 0xf0, 0x00, 0x00, 0x7c,
    0x00, 0x00, 0x1f, 0x80, 0x00, 0x07, 0xe0, 0x00, 0x00, 0xf8, 0x00, 0x00,
    0x3f, 0x00, 0x00, 0x0f, 0xc0, 0x00, 0x03, 0xf0, 0x00, 0x00, 0x7c, 0x00,
    0x00, 0x1f, 0x80, 0x00, 0x07, 0xe0, 0x00, 0x00, 0xf8, 0x00, 0x00, 0x3f,
    0x00, 0x00, 0x0f, 0xc0, 0x00, 0x03, 0xf0, 0x00, 0x00, 0x7c, 0x00, 0x00,
    0x1f, 0x80, 0x00, 0x07, 0xe0, 0x00, 0x00, 0xf8, 0x00, 0x00, 0x3f, 0x00,
    0x00, 0x0f, 0xc0, 0x00, 0x03, 0xf0, 0x00, 0x00, 0x7c, 0x00, 0x00, 0x1f,
    0x80, 0x00, 0x07, 0xe0, 0x00, 0x01, 0xf8, 0x00, 0x00, 0x3e, 0x00, 0x00,
    0x0f, 0xc0, 0x00, 0x03, 0xf0, 0x00, 0x00, 0x7c, 0x00, 0x00, 0x1f, 0x80,
    0x00, 0x07, 0xe0, 0x00, 0x01, 0xf8, 0x00, 0x00, 0x3e, 0x00, 0x00, 0x0f,
    0xc0, 0x00, 0x03, 0xf0, 0x00, 0x00, 0x7c, 0x00, 0x00, 0x1f, 0x80, 0x00,
    0x07, 0xe0, 0x00, 0x01, 0xf8, 0x00, 0x00, 0x3e, 0x00, 0x00, 0x0f, 0xc0,
    0x00, 0x03, 0xf0, 0xff, 0xff, 0xff, 0xff, 0xff, 0xff, 0xff, 0xff, 0xff,
    0xe0, 0x0f, 0xc0, 0x1f, 0x80, 0x3f, 0x00, 0x7e, 0x00, 0xfc, 0x01, 0xf8,
    0x03, 0xf0, 0x07, 0xe0, 0x0f, 0xc0, 0x1f, 0x80, 0x3f, 0x00, 0x7e, 0x00,
    0xfc, 0x01, 0xf8, 0x03, 0xf0, 0x07, 0xe0, 0x0f, 0xc0, 0x1f, 0x80, 0x3f,
    0x00, 0x7e, 0x00, 0xfc, 0x01, 0xf8, 0x03, 0xf0, 0x07, 0xe0, 0x0f, 0xc0,
    0x1f, 0x80, 0x3f, 0x00, 0x7e, 0x00, 0xfc, 0x01, 0xf8, 0x03, 0xf0, 0x07,
    0xe0, 0x0f, 0xc0, 0x1f, 0x80, 0x3f, 0x00, 0x7e, 0x00, 0xfc, 0x01, 0xf8,
    0x03, 0xf0, 0x07, 0xe0, 0x0f, 0xc0, 0x1f, 0x80, 0x3f, 0x00, 0x7e, 0x00,
    0xfc, 0x01, 0xf8, 0x03, 0xf0, 0x07, 0xe0, 0x0f, 0xc0, 0x1f, 0x80, 0x3f,
    0x00, 0x7e, 0x00, 0xfc, 0x01, 0xf8, 0x03, 0xf0, 0x07, 0xe0, 0x0f, 0xc0,
    0x1f, 0x80, 0x3f, 0x00, 0x7e, 0x00, 0xff, 0xff, 0xff, 0xff, 0xff, 0xff,
    0xff, 0xff, 0xff, 0xff, 0x80, 0x00, 0x0f, 0xe0, 0x00, 0x00, 0x3f, 0xe0,
    0x00, 0x00, 0x7f, 0xc0, 0x00, 0x00, 0xff, 0x80, 0x00, 0x03, 0xff, 0x80,
    0x00, 0x07, 0xff, 0x00, 0x00, 0x1f, 0xff, 0x00, 0x00, 0x3f, 0xfe, 0x00,
    0x00, 0x7e, 0xfc, 0x00, 0x01, 0xfd, 0xfc, 0x00, 0x03, 0xf1, 0xf8, 0x00,
    0x0f, 0xe3, 0xf8, 0x00, 0x1f, 0xc7, 0xf0, 0x00, 0x3f, 0x07, 0xe0, 0x00,
    0xfe, 0x0f, 0xe0, 0x01, 0xfc, 0x1f, 0xc0, 0x07, 0xf0, 0x1f, 0xc0, 0x0f,
    0xe0, 0x3f, 0x80, 0x1f, 0x80, 0x3f, 0x00, 0x7f, 0x00, 0x7f, 0x00, 0xfe,
    0x00, 0xfe, 0x01, 0xf8, 0x00, 0xfc, 0x07, 0xf0, 0x01, 0xfc, 0x0f, 0xe0,
    0x03, 0xf8, 0x3f, 0x80, 0x03, 0xf8, 0x7f, 0x00, 0x07, 0xf0, 0xfe, 0x00,
    0x0f, 0xe3, 0xf8, 0x00, 0x0f, 0xe7, 0xf0, 0x00, 0x1f, 0xdf, 0xc0, 0x00,
    0x1f, 0xff, 0x80, 0x00, 0x3f, 0xff, 0x00, 0x00, 0x7f, 0xff, 0xff, 0xff,
    0xff, 0xff, 0xff, 0xff, 0xff, 0xff, 0xff, 0xff, 0xff, 0xff, 0xff, 0xff,
    0xff, 0xff, 0xff, 0xff, 0xff, 0xff, 0xff, 0xff, 0xff, 0xe0, 0x04, 0x00,
    0x03, 0x80, 0x01, 0xf0, 0x00, 0xfe, 0x00, 0x7f, 0xc0, 0x3f, 0xf8, 0x07,
    0xff, 0x00, 0xff, 0xc0, 0x0f, 0xf8, 0x01, 0xff, 0x00, 0x3f, 0xe0, 0x07,
    0xfc, 0x00, 0xff, 0x80, 0x1f, 0xf0, 0x03, 0xf8, 0x00, 0x7c, 0x00, 0x0e,
    0x00, 0x01, 0x00, 0x00, 0x07, 0xfc, 0x00, 0x00, 0x7f, 0xff, 0x80, 0x03,
    0xff, 0xff, 0xc0, 0x0f, 0xff, 0xff, 0xf0, 0x1f, 0xff, 0xff, 0xf0, 0x3f,
    0xff, 0xff, 0xf8, 0x3f, 0xff, 0xff, 0xfc, 0x1f, 0xf0, 0x0f, 0xfc, 0x1f,
    0x80, 0x07, 0xfe, 0x0e, 0x00, 0x03, 0xfe, 0x08, 0x00, 0x01, 0xfe, 0x00,
    0x00, 0x01, 0xfe, 0x00, 0x00, 0x01, 0xff, 0x00, 0x00, 0x01, 0xff, 0x00,
    0x00, 0x00, 0xff, 0x00, 0x00, 0x01, 0xff, 0x00, 0x00, 0xff, 0xff, 0x00,
    0x0f, 0xff, 0xff, 0x00, 0x7f, 0xff, 0xff, 0x01, 0xff, 0xff, 0xff, 0x07,
    0xff, 0xff, 0xff, 0x0f, 0xff, 0xe0, 0xff, 0x1f, 0xfe, 0x00, 0xff, 0x3f,
    0xf8, 0x00, 0xff, 0x7f, 0xe0, 0x00, 0xff, 0x7f, 0xc0, 0x00, 0xff, 0xff,
    0x80, 0x00, 0xff, 0xff, 0x00, 0x00, 0xff, 0xff, 0x00, 0x00, 0xff, 0xff,
    0x00, 0x00, 0xff, 0xff, 0x00, 0x00, 0xff, 0xff, 0x00, 0x01, 0xff, 0xff,
    0x00, 0x07, 0xff, 0xff, 0x80, 0x0f, 0xff, 0x7f, 0xc0, 0x3f, 0xff, 0x7f,
    0xff, 0xff, 0xff, 0x7f, 0xff, 0xff, 0xff, 0x3f, 0xff, 0xfe, 0x7f, 0x1f,
    0xff, 0xfc, 0x7f, 0x0f, 0xff, 0xf0, 0x7f, 0x07, 0xff, 0xc0, 0x7f, 0x00,
    0xfe, 0x00, 0x00, 0xff, 0x80, 0x00, 0x00, 0x0f, 0xf8, 0x00, 0x00, 0x00,
    0xff, 0x80, 0x00, 0x00, 0x0f, 0xf8, 0x00, 0x00, 0x00, 0xff, 0x80, 0x00,
    0x00, 0x0f, 0xf8, 0x00, 0x00, 0x00, 0xff, 0x80, 0x00, 0x00, 0x0f, 0xf8,
    0x00, 0x00, 0x00, 0xff, 0x80, 0x00, 0x00, 0x0f, 0xf8, 0x00, 0x00, 0x00,
    0xff, 0x80, 0x00, 0x00, 0x0f, 0xf8, 0x00, 0x00, 0x00, 0xff, 0x80, 0x00,
    0x00, 0x0f, 0xf8, 0x00, 0x00, 0x00, 0xff, 0x80, 0x00, 0x00, 0x0f, 0xf8,
    0x00, 0x00, 0x00, 0xff, 0x00, 0x00, 0x00, 0x0f, 0xf0, 0x0f, 0xf0, 0x00,
    0xff, 0x03, 0xff, 0xe0, 0x0f, 0xf0, 0xff, 0xff, 0x00, 0xff, 0x3f, 0xff,
    0xfc, 0x0f, 0xf7, 0xff, 0xff, 0xe0, 0xff, 0xff, 0xff, 0xff, 0x0f, 0xff,
    0xff, 0xff, 0xf0, 0xff, 0xfe, 0x07, 0xff, 0x8f, 0xff, 0x80, 0x1f, 0xf8,
    0xff, 0xe0, 0x00, 0xff, 0xcf, 0xfc, 0x00, 0x07, 0xfc, 0xff, 0x80, 0x00,
    0x3f, 0xef, 0xf8, 0x00, 0x03, 0xfe, 0xff, 0x80, 0x00, 0x3f, 0xef, 0xf8,
    0x00, 0x01, 0xfe, 0xff, 0x80, 0x00, 0x1f, 0xef, 0xf8, 0x00, 0x01, 0xff,
    0xff, 0x80, 0x00, 0x1f, 0xff, 0xf8, 0x00, 0x01, 0xff, 0xff, 0x80, 0x00,
    0x1f, 0xff, 0xf8, 0x00, 0x01, 0xff, 0xff, 0x80, 0x00, 0x1f, 0xff, 0xf8,
    0x00, 0x01, 0xff, 0xff, 0x80, 0x00, 0x1f, 0xff, 0xf8, 0x00, 0x01, 0xfe,
    0xff, 0x80, 0x00, 0x1f, 0xef, 0xf8, 0x00, 0x03, 0xfe, 0xff, 0x80, 0x00,
    0x3f, 0xef, 0xf8, 0x00, 0x03, 0xfe, 0xff, 0x80, 0x00, 0x7f, 0xcf, 0xf8,
    0x00, 0x07, 0xfc, 0xff, 0x80, 0x00, 0xff, 0xcf, 0xfc, 0x00, 0x1f, 0xf8,
    0xff, 0xe0, 0x03, 0xff, 0x8f, 0xff, 0xc0, 0xff, 0xf0, 0xff, 0xff, 0xff,
    0xfe, 0x0f, 0xff, 0xff, 0xff, 0xc0, 0xfe, 0xff, 0xff, 0xfc, 0x0f, 0xe3,
    0xff, 0xff, 0x00, 0xfe, 0x1f, 0xff, 0xe0, 0x0f, 0xe0, 0x7f, 0xf8, 0x00,
    0x00, 0x01, 0xfc, 0x00, 0x00, 0x00, 0x01, 0xff, 0x00, 0x00, 0x0f, 0xff,
    0xe0, 0x00, 0x3f, 0xff, 0xf8, 0x00, 0x7f, 0xff, 0xfc, 0x01, 0xff, 0xff,
    0xff, 0x03, 0xff, 0xff, 0xfe, 0x07, 0xff, 0xff, 0xfc, 0x07, 0xff, 0x80,
    0xf8, 0x0f, 0xfe, 0x00, 0x38, 0x1f, 0xf8, 0x00, 0x10, 0x1f, 0xf0, 0x00,
    0x00, 0x3f, 0xf0, 0x00, 0x00, 0x3f, 0xe0, 0x00, 0x00, 0x3f, 0xe0, 0x00,
    0x00, 0x7f, 0xc0, 0x00, 0x00, 0x7f, 0xc0, 0x00, 0x00, 0x7f, 0xc0, 0x00,
    0x00, 0x7f, 0x80, 0x00, 0x00, 0x7f, 0x80, 0x00, 0x00, 0xff, 0x80, 0x00,
    0x00, 0xff, 0x80, 0x00, 0x00, 0xff, 0x80, 0x00, 0x00, 0xff, 0x80, 0x00,
    0x00, 0x7f, 0x80, 0x00, 0x00, 0x7f, 0x80, 0x00, 0x00, 0x7f, 0x80, 0x00,
    0x00, 0x7f, 0xc0, 0x00, 0x00, 0x7f, 0xc0, 0x00, 0x00, 0x7f, 0xc0, 0x00,
    0x00, 0x3f, 0xe0, 0x00, 0x00, 0x3f, 0xf0, 0x00, 0x00, 0x1f, 0xf0, 0x00,
    0x00, 0x1f, 0xf8, 0x00, 0x18, 0x0f, 0xfe, 0x00, 0x3c, 0x0f, 0xff, 0x80,
    0xfe, 0x07, 0xff, 0xff, 0xfe, 0x03, 0xff, 0xff, 0xff, 0x01, 0xff, 0xff,
    0xff, 0x00, 0xff, 0xff, 0xfc, 0x00, 0x3f, 0xff, 0xf8, 0x00, 0x0f, 0xff,
    0xe0, 0x00, 0x01, 0xff, 0x00, 0x00, 0x00, 0x00, 0x1f, 0xe0, 0x00, 0x00,
    0x03, 0xfc, 0x00, 0x00, 0x00, 0x7f, 0x80, 0x00, 0x00, 0x0f, 0xf0, 0x00,
    0x00, 0x01, 0xfe, 0x00, 0x00, 0x00, 0x3f, 0xc0, 0x00, 0x00, 0x07, 0xf8,
    0x00, 0x00, 0x00, 0xff, 0x00, 0x00, 0x00, 0x1f, 0xe0, 0x00, 0x00, 0x03,
    0xfc, 0x00, 0x00, 0x00, 0x7f, 0x80, 0x00, 0x00, 0x0f, 0xf0, 0x00, 0x00,
    0x01, 0xfe, 0x00, 0x00, 0x00, 0x3f, 0xc0, 0x00, 0x00, 0x07, 0xf8, 0x00,
    0x00, 0x00, 0xff, 0x00, 0x00, 0x00, 0x1f, 0xe0, 0x00, 0xfe, 0x03, 0xfc,
    0x00, 0xff, 0xf8, 0x7f, 0x80, 0x7f, 0xff, 0xcf, 0xf0, 0x1f, 0xff, 0xfd,
    0xfe, 0x07, 0xff, 0xff, 0xff, 0xc1, 0xff, 0xff, 0xff, 0xf8, 0x7f, 0xff,
    0xff, 0xff, 0x1f, 0xfe, 0x03, 0xff, 0xe3, 0xff, 0x00, 0x1f, 0xfc, 0xff,
    0xc0, 0x00, 0xff, 0x9f, 0xf0, 0x00, 0x0f, 0xf7, 0xfe, 0x00, 0x01, 0xfe,
    0xff, 0x80, 0x00, 0x3f, 0xdf, 0xe0, 0x00, 0x07, 0xff, 0xfc, 0x00, 0x00,
    0xff, 0xff, 0x80, 0x00, 0x1f, 0xff, 0xf0, 0x00, 0x03, 0xff, 0xfc, 0x00,
    0x00, 0x7f, 0xff, 0x80, 0x00, 0x0f, 0xff, 0xf0, 0x00, 0x01, 0xff, 0xfe,
    0x00, 0x00, 0x3f, 0xff, 0xc0, 0x00, 0x07, 0xff, 0xf8, 0x00, 0x00, 0xff,
    0xff, 0x00, 0x00, 0x1f, 0xff, 0xe0, 0x00, 0x03, 0xff, 0xfc, 0x00, 0x00,
    0x7f, 0xff, 0xc0, 0x00, 0x0f, 0xff, 0xf8, 0x00, 0x01, 0xff, 0xff, 0x00,
    0x00, 0x3f, 0xdf, 0xf0, 0x00, 0x07, 0xfb, 0xfe, 0x00, 0x00, 0xff, 0x7f,
    0xe0, 0x00, 0x3f, 0xe7, 0xfe, 0x00, 0x0f, 0xfc, 0xff, 0xe0, 0x07, 0xff,
    0x8f, 0xff, 0x03, 0xff, 0xf1, 0xff, 0xff, 0xff, 0xfe, 0x1f, 0xff, 0xff,
    0xff, 0xc1, 0xff, 0xff, 0xf3, 0xf8, 0x1f, 0xff, 0xfc, 0x7f, 0x01, 0xff,
    0xff, 0x0f, 0xe0, 0x0f, 0xff, 0x81, 0xfc, 0x00, 0x3f, 0xc0, 0x00, 0x00,
    0x00, 0x01, 0xfe, 0x00, 0x00, 0x01, 0xff, 0xf8, 0x00, 0x00, 0xff, 0xff,
    0xc0, 0x00, 0x7f, 0xff, 0xfc, 0x00, 0x1f, 0xff, 0xff, 0xc0, 0x07, 0xff,
    0xff, 0xfc, 0x01, 0xff, 0xff, 0xff, 0xc0, 0x7f, 0xf0, 0x0f, 0xf8, 0x0f,
    0xf8, 0x00, 0xff, 0x83, 0xfe, 0x00, 0x0f, 0xf0, 0x7f, 0x80, 0x00, 0xfe,
    0x1f, 0xe0, 0x00, 0x1f, 0xe3, 0xfc, 0x00, 0x01, 0xfc, 0xff, 0x00, 0x00,
    0x3f, 0x9f, 0xe0, 0x00, 0x07, 0xf3, 0xfc, 0x00, 0x00, 0xff, 0x7f, 0x80,
    0x00, 0x1f, 0xef, 0xff, 0xff, 0xff, 0xfd, 0xff, 0xff, 0xff, 0xff, 0xff,
    0xff, 0xff, 0xff, 0xff, 0xff, 0xff, 0xff, 0xff, 0xff, 0xff, 0xff, 0xff,
    0xff, 0xff, 0xff, 0xff, 0xf3, 0xfc, 0x00, 0x00, 0x00, 0x7f, 0x80, 0x00,
    0x00, 0x0f, 0xf0, 0x00, 0x00, 0x01, 0xfe, 0x00, 0x00, 0x00, 0x3f, 0xc0,
    0x00, 0x00, 0x07, 0xfc, 0x00, 0x00, 0x00, 0x7f, 0x80, 0x00, 0x00, 0x0f,
    0xf8, 0x00, 0x00, 0x00, 0xff, 0x80, 0x00, 0x00, 0x1f, 0xf8, 0x00, 0x00,
    0x01, 0xff, 0x80, 0x01, 0xc0, 0x3f, 0xfc, 0x00, 0xf8, 0x03, 0xff, 0xff,
    0xff, 0x80, 0x3f, 0xff, 0xff, 0xf0, 0x03, 0xff, 0xff, 0xff, 0x00, 0x3f,
    0xff, 0xff, 0xc0, 0x01, 0xff, 0xff, 0xe0, 0x00, 0x0f, 0xff, 0xf0, 0x00,
    0x00, 0x3f, 0xe0, 0x00, 0x00, 0x00, 0x60, 0x00, 0x07, 0xff, 0xc0, 0x0f,
    0xff, 0xe0, 0x0f, 0xff, 0xf0, 0x0f, 0xff, 0xf0, 0x07, 0xff, 0xf8, 0x07,
    0xff, 0xfc, 0x03, 0xff, 0x06, 0x03, 0xfe, 0x00, 0x01, 0xff, 0x00, 0x00,
    0xff, 0x00, 0x00, 0x7f, 0x80, 0x00, 0x3f, 0xc0, 0x00, 0x1f, 0xe0, 0x00,
    0x0f, 0xf0, 0x00, 0x07, 0xf8, 0x00, 0x03, 0xfc, 0x00, 0x01, 0xfe, 0x00,
    0x00, 0xff, 0x00, 0x1f, 0xff, 0xff, 0x8f, 0xff, 0xff, 0xc7, 0xff, 0xff,
    0xe3, 0xff, 0xff, 0xf1, 0xff, 0xff, 0xf8, 0xff, 0xff, 0xfc, 0x7f, 0xff,
    0xfe, 0x00, 0xff, 0x00, 0x00, 0x7f, 0x80, 0x00, 0x3f, 0xc0, 0x00, 0x1f,
    0xe0, 0x00, 0x0f, 0xf0, 0x00, 0x07, 0xf8, 0x00, 0x03, 0xfc, 0x00, 0x01,
    0xfe, 0x00, 0x00, 0xff, 0x00, 0x00, 0x7f, 0x80, 0x00, 0x3f, 0xc0, 0x00,
    0x1f, 0xe0, 0x00, 0x0f, 0xf0, 0x00, 0x07, 0xf8, 0x00, 0x03, 0xfc, 0x00,
    0x01, 0xfe, 0x00, 0x00, 0xff, 0x00, 0x00, 0x7f, 0x80, 0x00, 0x3f, 0xc0,
    0x00, 0x1f, 0xe0, 0x00, 0x0f, 0xf0, 0x00, 0x07, 0xf8, 0x00, 0x03, 0xfc,
    0x00, 0x01, 0xfe, 0x00, 0x00, 0xff, 0x00, 0x00, 0x7f, 0x80, 0x00, 0x3f,
    0xc0, 0x00, 0x1f, 0xe0, 0x00, 0x0f, 0xf0, 0x00, 0x07, 0xf8, 0x00, 0x03,
    0xfc, 0x00, 0x01, 0xfe, 0x00, 0x00, 0xff, 0x00, 0x00, 0x00, 0x07, 0xf8,
    0x00, 0x00, 0x00, 0xff, 0xff, 0xff, 0xe0, 0x0f, 0xff, 0xff, 0xff, 0x80,
    0x7f, 0xff, 0xff, 0xfe, 0x03, 0xff, 0xff, 0xff, 0xf8, 0x1f, 0xff, 0xff,
    0xff, 0xe0, 0xff, 0xc0, 0xff, 0xff, 0x87, 0xfc, 0x00, 0xff, 0x00, 0x1f,
    0xe0, 0x01, 0xfc, 0x00, 0xff, 0x80, 0x07, 0xf8, 0x03, 0xfc, 0x00, 0x0f,
    0xe0, 0x0f, 0xf0, 0x00, 0x3f, 0xc0, 0x3f, 0xc0, 0x00, 0xff, 0x00, 0xff,
    0x00, 0x01, 0xfc, 0x03, 0xfc, 0x00, 0x07, 0xf0, 0x0f, 0xf0, 0x00, 0x1f,
    0xc0, 0x3f, 0xc0, 0x00, 0xff, 0x00, 0xff, 0x00, 0x03, 0xfc, 0x03, 0xfc,
    0x00, 0x0f, 0xe0, 0x07, 0xf8, 0x00, 0x7f, 0x80, 0x1f, 0xf0, 0x01, 0xfe,
    0x00, 0x3f, 0xe0, 0x1f, 0xf0, 0x00, 0xff, 0xc0, 0xff, 0xc0, 0x01, 0xff,
    0xff, 0xfe, 0x00, 0x03, 0xff, 0xff, 0xf0, 0x00, 0x07, 0xff, 0xff, 0x80,
    0x00, 0x3f, 0xff, 0xf8, 0x00, 0x01, 0xfb, 0xff, 0x80, 0x00, 0x0f, 0xc0,
    0x00, 0x00, 0x00, 0x7f, 0x00, 0x00, 0x00, 0x01, 0xf8, 0x00, 0x00, 0x00,
    0x07, 0xe0, 0x00, 0x00, 0x00, 0x1f, 0xc0, 0x00, 0x00, 0x00, 0x7f, 0x00,
    0x00, 0x00, 0x01, 0xfe, 0x00, 0x00, 0x00, 0x07, 0xff, 0xff, 0xf0, 0x00,
    0x1f, 0xff, 0xff, 0xfe, 0x00, 0x3f, 0xff, 0xff, 0xff, 0x00, 0x7f, 0xff,
    0xff, 0xfe, 0x00, 0xff, 0xff, 0xff, 0xfc, 0x07, 0xff, 0xff, 0xff, 0xf8,
    0x3f, 0x3f, 0xff, 0xff, 0xe1, 0xf8, 0x00, 0x03, 0xff, 0x8f, 0xc0, 0x00,
    0x03, 0xfe, 0x7f, 0x00, 0x00, 0x07, 0xfd, 0xfc, 0x00, 0x00, 0x1f, 0xf7,
    0xf0, 0x00, 0x00, 0x7f, 0xbf, 0xc0, 0x00, 0x01, 0xfe, 0xff, 0x00, 0x00,
    0x07, 0xfb, 0xfc, 0x00, 0x00, 0x3f, 0xe7, 0xf8, 0x00, 0x01, 0xff, 0x1f,
    0xf0, 0x00, 0x0f, 0xf8, 0x7f, 0xf0, 0x00, 0xff, 0xe0, 0xff, 0xff, 0xff,
    0xff, 0x01, 0xff, 0xff, 0xff, 0xf8, 0x03, 0xff, 0xff, 0xff, 0x80, 0x07,
    0xff, 0xff, 0xf8, 0x00, 0x07, 0xff, 0xff, 0x80, 0x00, 0x01, 0xff, 0xe0,
    0x00, 0x00, 0xff, 0x80, 0x00, 0x00, 0x7f, 0xc0, 0x00, 0x00, 0x3f, 0xe0,
    0x00, 0x00, 0x1f, 0xf0, 0x00, 0x00, 0x0f, 0xf8, 0x00, 0x00, 0x07, 0xfc,
    0x00, 0x00, 0x03, 0xfe, 0x00, 0x00, 0x01, 0xff, 0x00, 0x00, 0x00, 0xff,
    0x80, 0x00, 0x00, 0x7f, 0xc0, 0x00, 0x00, 0x3f, 0xe0, 0x00, 0x00, 0x1f,
    0xf0, 0x00, 0x00, 0x0f, 0xf8, 0x00, 0x00, 0x07, 0xfc, 0x00, 0x00, 0x03,
    0xfe, 0x00, 0x00, 0x01, 0xff, 0x00, 0x00, 0x00, 0xff, 0x00, 0x00, 0x00,
    0x7f, 0x80, 0x3f, 0xc0, 0x3f, 0xc0, 0x7f, 0xf8, 0x1f, 0xe0, 0xff, 0xff,
    0x0f, 0xf1, 0xff, 0xff, 0xc7, 0xf9, 0xff, 0xff, 0xf3, 0xfd, 0xff, 0xff,
    0xf9, 0xff, 0xff, 0xff, 0xfe, 0xff, 0xff, 0x0f, 0xff, 0x7f, 0xfc, 0x01,
    0xff, 0xbf, 0xfc, 0x00, 0x7f, 0xff, 0xfc, 0x00, 0x1f, 0xff, 0xfc, 0x00,
    0x0f, 0xff, 0xfc, 0x00, 0x07, 0xff, 0xfe, 0x00, 0x01, 0xff, 0xff, 0x00,
    0x00, 0xff, 0xff, 0x80, 0x00, 0x7f, 0xff, 0xc0, 0x00, 0x3f, 0xff, 0xe0,
    0x00, 0x1f, 0xff, 0xf0, 0x00, 0x0f, 0xff, 0xf8, 0x00, 0x07, 0xff, 0xfc,
    0x00, 0x03, 0xff, 0xfe, 0x00, 0x01, 0xff, 0xff, 0x00, 0x00, 0xff, 0xff,
    0x80, 0x00, 0x7f, 0xff, 0xc0, 0x00, 0x3f, 0xff, 0xe0, 0x00, 0x1f, 0xff,
    0xf0, 0x00, 0x0f, 0xff, 0xf8, 0x00, 0x07, 0xff, 0xfc, 0x00, 0x03, 0xff,
    0xfe, 0x00, 0x01, 0xff, 0xff, 0x00, 0x00, 0xff, 0xff, 0x80, 0x00, 0x7f,
    0xff, 0xc0, 0x00, 0x3f, 0xff, 0xe0, 0x00, 0x1f, 0xff, 0xf0, 0x00, 0x0f,
    0xff, 0xf8, 0x00, 0x07, 0xff, 0xfc, 0x00, 0x03, 0xff, 0xfe, 0x00, 0x01,
    0xff, 0xff, 0x00, 0x00, 0xff, 0xff, 0x80, 0x00, 0x7f, 0xff, 0xc0, 0x00,
    0x3f, 0xc0, 0x1f, 0x07, 0xf1, 0xff, 0x7f, 0xef, 0xff, 0xff, 0xff, 0xf3,
    0xfe, 0x3f, 0x83, 0xe0, 0x00, 0x00, 0x00, 0x00, 0x00, 0x00, 0x00, 0x00,
    0x00, 0x0f, 0xf9, 0xff, 0x3f, 0xe7, 0xfc, 0xff, 0x9f, 0xf3, 0xfe, 0x7f,
    0xcf, 0xf9, 0xff, 0x3f, 0xe7, 0xfc, 0xff, 0x9f, 0xf3, 0xfe, 0x7f, 0xcf,
    0xf9, 0xff, 0x3f, 0xe7, 0xfc, 0xff, 0x9f, 0xf3, 0xfe, 0x7f, 0xcf, 0xf9,
    0xff, 0x3f, 0xe7, 0xfc, 0xff, 0x9f, 0xf3, 0xfe, 0x7f, 0xcf, 0xf9, 0xff,
    0x3f, 0xe7, 0xfc, 0xff, 0x9f, 0xf3, 0xfe, 0x7f, 0xc0, 0x00, 0x1f, 0x00,
    0x07, 0xf0, 0x01, 0xff, 0x00, 0x7f, 0xe0, 0x0f, 0xfe, 0x01, 0xff, 0xc0,
    0x3f, 0xf0, 0x03, 0xfe, 0x00, 0x3f, 0x80, 0x03, 0xe0, 0x00, 0x00, 0x00,
    0x00, 0x00, 0x00, 0x00, 0x00, 0x00, 0x00, 0x00, 0x00, 0x00, 0x00, 0x00,
    0x00, 0x00, 0x0f, 0xf8, 0x01, 0xff, 0x00, 0x3f, 0xe0, 0x07, 0xfc, 0x00,
    0xff, 0x80, 0x1f, 0xf0, 0x03, 0xfe, 0x00, 0x7f, 0xc0, 0x0f, 0xf8, 0x01,
    0xff, 0x00, 0x3f, 0xe0, 0x07, 0xfc, 0x00, 0xff, 0x80, 0x1f, 0xf0, 0x03,
    0xfe, 0x00, 0x7f, 0xc0, 0x0f, 0xf8, 0x01, 0xff, 0x00, 0x3f, 0xe0, 0x07,
    0xfc, 0x00, 0xff, 0x80, 0x1f, 0xf0, 0x03, 0xfe, 0x00, 0x7f, 0xc0, 0x0f,
    0xf8, 0x01, 0xff, 0x00, 0x3f, 0xe0, 0x07, 0xfc, 0x00, 0xff, 0x80, 0x1f,
    0xf0, 0x03, 0xfe, 0x00, 0x7f, 0xc0, 0x0f, 0xf8, 0x01, 0xff, 0x00, 0x3f,
    0xe0, 0x07, 0xfc, 0x00, 0xff, 0x80, 0x1f, 0xf0, 0x03, 0xfe, 0x00, 0x7f,
    0xc0, 0x0f, 0xf8, 0x01, 0xff, 0x00, 0x3f, 0xe0, 0x07, 0xfc, 0x00, 0xff,
    0x80, 0x1f, 0xe0, 0x03, 0xfc, 0x00, 0x7f, 0x80, 0x1f, 0xf0, 0x03, 0xfe,
    0x3f, 0xff, 0x87, 0xff, 0xf1, 0xff, 0xfc, 0x3f, 0xff, 0x87, 0xff, 0xe0,
    0xff, 0xf0, 0x0f, 0xf8, 0x00, 0xff, 0x00, 0x00, 0x00, 0x1f, 0xe0, 0x00,
    0x00, 0x03, 0xfc, 0x00, 0x00, 0x00, 0x7f, 0x80, 0x00, 0x00, 0x0f, 0xf0,
    0x00, 0x00, 0x01, 0xfe, 0x00, 0x00, 0x00, 0x3f, 0xc0, 0x00, 0x00, 0x07,
    0xf8, 0x00, 0x00, 0x00, 0xff, 0x00, 0x00, 0x00, 0x1f, 0xe0, 0x00, 0x00,
    0x03, 0xfc, 0x00, 0x00, 0x00, 0x7f, 0x80, 0x00, 0x00, 0x0f, 0xf0, 0x00,
    0x00, 0x01, 0xfe, 0x00, 0x00, 0x00, 0x3f, 0xc0, 0x00, 0x00, 0x07, 0xf8,
    0x00, 0x00, 0x00, 0xff, 0x00, 0x00, 0x00, 0x1f, 0xe0, 0x00, 0x00, 0x03,
    0xfc, 0x00, 0x03, 0xfe, 0x7f, 0x80, 0x00, 0xff, 0x8f, 0xf0, 0x00, 0x3f,
    0xe1, 0xfe, 0x00, 0x0f, 0xf8, 0x3f, 0xc0, 0x03, 0xff, 0x07, 0xf8, 0x00,
    0x7f, 0xc0, 0xff, 0x00, 0x1f, 0xf0, 0x1f, 0xe0, 0x07, 0xfc, 0x03, 0xfc,
    0x01, 0xff, 0x00, 0x7f, 0x80, 0x7f, 0xc0, 0x0f, 0xf0, 0x0f, 0xf8, 0x01,
    0xfe, 0x03, 0xfe, 0x00, 0x3f, 0xc0, 0xff, 0x80, 0x07, 0xf8, 0x3f, 0xe0,
    0x00, 0xff, 0x07, 0xf8, 0x00, 0x1f, 0xe1, 0xff, 0x00, 0x03, 0xfc, 0x7f,
    0xc0, 0x00, 0x7f, 0x9f, 0xfc, 0x00, 0x0f, 0xf7, 0xff, 0x80, 0x01, 0xff,
    0xff, 0xf8, 0x00, 0x3f, 0xff, 0xff, 0x00, 0x07, 0xff, 0xff, 0xf0, 0x00,
    0xff, 0xff, 0xff, 0x00, 0x1f, 0xff, 0x9f, 0xe0, 0x03, 0xff, 0xe1, 0xfe,
    0x00, 0x7f, 0xf8, 0x3f, 0xe0, 0x0f, 0xfe, 0x03, 0xfc, 0x01, 0xff, 0x80,
    0x7f, 0xc0, 0x3f, 0xe0, 0x07, 0xfc, 0x07, 0xfc, 0x00, 0xff, 0x80, 0xff,
    0x00, 0x0f, 0xf8, 0x1f, 0xe0, 0x00, 0xff, 0x03, 0xfc, 0x00, 0x1f, 0xf0,
    0x7f, 0x80, 0x01, 0xff, 0x0f, 0xf0, 0x00, 0x3f, 0xe1, 0xfe, 0x00, 0x03,
    0xfe, 0x3f, 0xc0, 0x00, 0x3f, 0xe7, 0xf8, 0x00, 0x07, 0xfc, 0xff, 0x00,
    0x00, 0x7f, 0xdf, 0xe0, 0x00, 0x0f, 0xf8, 0xff, 0x87, 0xfc, 0x3f, 0xe1,
    0xff, 0x0f, 0xf8, 0x7f, 0xc3, 0xfe, 0x1f, 0xf0, 0xff, 0x87, 0xfc, 0x3f,
    0xe1, 0xff, 0x0f, 0xf8, 0x7f, 0xc3, 0xfe, 0x1f, 0xf0, 0xff, 0x87, 0xfc,
    0x3f, 0xe1, 0xff, 0x0f, 0xf8, 0x7f, 0xc3, 0xfe, 0x1f, 0xf0, 0xff, 0x87,
    0xfc, 0x3f, 0xe1, 0xff, 0x0f, 0xf8, 0x7f, 0xc3, 0xfe, 0x1f, 0xf0, 0xff,
    0x87, 0xfc, 0x3f, 0xe1, 0xff, 0x0f, 0xf8, 0x7f, 0xc3, 0xfe, 0x1f, 0xf0,
    0xff, 0x87, 0xfc, 0x3f, 0xe1, 0xff, 0x0f, 0xf8, 0x7f, 0xc3, 0xfe, 0x1f,
    0xf0, 0xff, 0x87, 0xfc, 0x3f, 0xe0, 0xff, 0xe7, 0xff, 0x3f, 0xf8, 0xff,
    0xe7, 0xff, 0x1f, 0xf8, 0x3f, 0x80, 0x00, 0x00, 0x7f, 0x00, 0x00, 0x7f,
    0x00, 0xfe, 0x03, 0xff, 0xe0, 0x03, 0xff, 0xc0, 0xfe, 0x0f, 0xff, 0xf0,
    0x0f, 0xff, 0xf0, 0xfe, 0x1f, 0xff, 0xf8, 0x1f, 0xff, 0xf8, 0xfe, 0x3f,
    0xff, 0xfc, 0x3f, 0xff, 0xf8, 0xff, 0x7f, 0xff, 0xfc, 0x7f, 0xff, 0xfc,
    0xff, 0xff, 0xff, 0xfe, 0xff, 0xff, 0xfe, 0xff, 0xff, 0x0f, 0xff, 0xfe,
    0x1f, 0xfe, 0xff, 0xf8, 0x03, 0xff, 0xf8, 0x07, 0xfe, 0xff, 0xf0, 0x03,
    0xff, 0xf0, 0x03, 0xfe, 0xff, 0xe0, 0x01, 0xff, 0xc0, 0x01, 0xff, 0xff,
    0xc0, 0x01, 0xff, 0x80, 0x01, 0xff, 0xff, 0x80, 0x00, 0xff, 0x00, 0x01,
    0xff, 0xff, 0x80, 0x00, 0xff, 0x00, 0x00, 0xff, 0xff, 0x80, 0x00, 0xff,
    0x00, 0x00, 0xff, 0xff, 0x80, 0x00, 0xff, 0x00, 0x00, 0xff, 0xff, 0x80,
    0x00, 0xff, 0x00, 0x00, 0xff, 0xff, 0x80, 0x00, 0xff, 0x00, 0x00, 0xff,
    0xff, 0x80, 0x00, 0xff, 0x00, 0x00, 0xff, 0xff, 0x80, 0x00, 0xff, 0x00,
    0x00, 0xff, 0xff, 0x80, 0x00, 0xff, 0x00, 0x00, 0xff, 0xff, 0x80, 0x00,
    0xff, 0x00, 0x00, 0xff, 0xff, 0x80, 0x00, 0xff, 0x00, 0x00, 0xff, 0xff,
    0x80, 0x00, 0xff, 0x00, 0x00, 0xff, 0xff, 0x80, 0x00, 0xff, 0x00, 0x00,
    0xff, 0xff, 0x80, 0x00, 0xff, 0x00, 0x00, 0xff, 0xff, 0x80, 0x00, 0xff,
    0x00, 0x00, 0xff, 0xff, 0x80, 0x00, 0xff, 0x00, 0x00, 0xff, 0xff, 0x80,
    0x00, 0xff, 0x00, 0x00, 0xff, 0xff, 0x80, 0x00, 0xff, 0x00, 0x00, 0xff,
    0xff, 0x80, 0x00, 0xff, 0x00, 0x00, 0xff, 0xff, 0x80, 0x00, 0xff, 0x00,
    0x00, 0xff, 0xff, 0x80, 0x00, 0xff, 0x00, 0x00, 0xff, 0xff, 0x80, 0x00,
    0xff, 0x00, 0x00, 0xff, 0xff, 0x80, 0x00, 0xff, 0x00, 0x00, 0xff, 0xff,
    0x80, 0x00, 0xff, 0x00, 0x00, 0xff, 0xff, 0x80, 0x00, 0xff, 0x00, 0x00,
    0xff, 0xff, 0x80, 0x00, 0xff, 0x00, 0x00, 0xff, 0xff, 0x80, 0x00, 0xff,
    0x00, 0x00, 0xff, 0xff, 0x80, 0x00, 0xff, 0x00, 0x00, 0xff, 0xff, 0x80,
    0x00, 0xff, 0x00, 0x00, 0xff, 0x00, 0x00, 0x7f, 0x80, 0x7f, 0x00, 0xff,
    0xf0, 0x3f, 0x81, 0xff, 0xfe, 0x1f, 0xc3, 0xff, 0xff, 0x8f, 0xf3, 0xff,
    0xff, 0xe7, 0xfb, 0xff, 0xff, 0xf3, 0xff, 0xff, 0xff, 0xfd, 0xff, 0xfe,
    0x1f, 0xfe, 0xff, 0xf8, 0x03, 0xff, 0x7f, 0xf8, 0x00, 0xff, 0xff, 0xf8,
    0x00, 0x3f, 0xff, 0xf8, 0x00, 0x1f, 0xff, 0xf8, 0x00, 0x0f, 0xff, 0xfc,
    0x00, 0x03, 0xff, 0xfe, 0x00, 0x01, 0xff, 0xff, 0x00, 0x00, 0xff, 0xff,
    0x80, 0x00, 0x7f, 0xff, 0xc0, 0x00, 0x3f, 0xff, 0xe0, 0x00, 0x1f, 0xff,
    0xf0, 0x00, 0x0f, 0xff, 0xf8, 0x00, 0x07, 0xff, 0xfc, 0x00, 0x03, 0xff,
    0xfe, 0x00, 0x01, 0xff, 0xff, 0x00, 0x00, 0xff, 0xff, 0x80, 0x00, 0x7f,
    0xff, 0xc0, 0x00, 0x3f, 0xff, 0xe0, 0x00, 0x1f, 0xff, 0xf0, 0x00, 0x0f,
    0xff, 0xf8, 0x00, 0x07, 0xff, 0xfc, 0x00, 0x03, 0xff, 0xfe, 0x00, 0x01,
    0xff, 0xff, 0x00, 0x00, 0xff, 0xff, 0x80, 0x00, 0x7f, 0xff, 0xc0, 0x00,
    0x3f, 0xff, 0xe0, 0x00, 0x1f, 0xff, 0xf0, 0x00, 0x0f, 0xff, 0xf8, 0x00,
    0x07, 0xff, 0xfc, 0x00, 0x03, 0xff, 0xfe, 0x00, 0x01, 0xff, 0xff, 0x00,
    0x00, 0xff, 0xff, 0x80, 0x00, 0x7f, 0x80, 0x00, 0x01, 0xfe, 0x00, 0x00,
    0x00, 0x3f, 0xff, 0x00, 0x00, 0x03, 0xff, 0xff, 0x00, 0x00, 0x3f, 0xff,
    0xff, 0x00, 0x01, 0xff, 0xff, 0xfe, 0x00, 0x0f, 0xff, 0xff, 0xfc, 0x00,
    0x7f, 0xff, 0xff, 0xf8, 0x03, 0xff, 0xc0, 0x7f, 0xf0, 0x0f, 0xfc, 0x00,
    0xff, 0xc0, 0x7f, 0xe0, 0x01, 0xff, 0x81, 0xff, 0x00, 0x03, 0xff, 0x0f,
    0xf8, 0x00, 0x07, 0xfc, 0x3f, 0xe0, 0x00, 0x0f, 0xf1, 0xff, 0x00, 0x00,
    0x3f, 0xe7, 0xfc, 0x00, 0x00, 0xff, 0x9f, 0xf0, 0x00, 0x01, 0xfe, 0x7f,
    0x80, 0x00, 0x07, 0xf9, 0xfe, 0x00, 0x00, 0x1f, 0xf7, 0xf8, 0x00, 0x00,
    0x7f, 0xff, 0xe0, 0x00, 0x01, 0xff, 0xff, 0x80, 0x00, 0x07, 0xff, 0xfe,
    0x00, 0x00, 0x1f, 0xff, 0xf8, 0x00, 0x00, 0x7f, 0xdf, 0xe0, 0x00, 0x01,
    0xff, 0x7f, 0x80, 0x00, 0x07, 0xfd, 0xfe, 0x00, 0x00, 0x1f, 0xe7, 0xfc,
    0x00, 0x00, 0x7f, 0x9f, 0xf0, 0x00, 0x03, 0xfe, 0x7f, 0xc0, 0x00, 0x0f,
    0xf8, 0xff, 0x80, 0x00, 0x3f, 0xc3, 0xfe, 0x00, 0x01, 0xff, 0x07, 0xfc,
    0x00, 0x0f, 0xfc, 0x1f, 0xf8, 0x00, 0x7f, 0xe0, 0x3f, 0xf0, 0x03, 0xff,
    0x00, 0xff, 0xf0, 0x3f, 0xfc, 0x01, 0xff, 0xff, 0xff, 0xe0, 0x03, 0xff,
    0xff, 0xff, 0x00, 0x07, 0xff, 0xff, 0xf8, 0x00, 0x0f, 0xff, 0xff, 0xc0,
    0x00, 0x0f, 0xff, 0xfc, 0x00, 0x00, 0x0f, 0xff, 0xc0, 0x00, 0x00, 0x07,
    0xfc, 0x00, 0x00, 0x00, 0x00, 0x7f, 0x00, 0x0f, 0xe0, 0x3f, 0xfe, 0x00,
    0xfe, 0x0f, 0xff, 0xf8, 0x0f, 0xe3, 0xff, 0xff, 0xc0, 0xff, 0x7f, 0xff,
    0xfe, 0x0f, 0xff, 0xff, 0xff, 0xf0, 0xff, 0xff, 0xff, 0xff, 0x0f, 0xff,
    0xe0, 0x7f, 0xf8, 0xff, 0xf8, 0x01, 0xff, 0x8f, 0xfe, 0x00, 0x0f, 0xfc,
    0xff, 0xc0, 0x00, 0x7f, 0xcf, 0xf8, 0x00, 0x03, 0xfe, 0xff, 0x80, 0x00,
    0x3f, 0xef, 0xf8, 0x00, 0x03, 0xfe, 0xff, 0x80, 0x00, 0x1f, 0xef, 0xf8,
    0x00, 0x01, 0xfe, 0xff, 0x80, 0x00, 0x1f, 0xff, 0xf8, 0x00, 0x01, 0xff,
    0xff, 0x80, 0x00, 0x1f, 0xff, 0xf8, 0x00, 0x01, 0xff, 0xff, 0x80, 0x00,
    0x1f, 0xff, 0xf8, 0x00, 0x01, 0xff, 0xff, 0x80, 0x00, 0x1f, 0xff, 0xf8,
    0x00, 0x01, 0xff, 0xff, 0x80, 0x00, 0x1f, 0xef, 0xf8, 0x00, 0x01, 0xfe,
    0xff, 0x80, 0x00, 0x3f, 0xef, 0xf8, 0x00, 0x03, 0xfe, 0xff, 0x80, 0x00,
    0x3f, 0xef, 0xf8, 0x00, 0x07, 0xfc, 0xff, 0x80, 0x00, 0x7f, 0xcf, 0xf8,
    0x00, 0x0f, 0xfc, 0xff, 0xc0, 0x01, 0xff, 0x8f, 0xfe, 0x00, 0x3f, 0xf8,
    0xff, 0xfc, 0x0f, 0xff, 0x0f, 0xff, 0xff, 0xff, 0xe0, 0xff, 0xff, 0xff,
    0xfc, 0x0f, 0xff, 0xff, 0xff, 0xc0, 0xff, 0x3f, 0xff, 0xf0, 0x0f, 0xf1,
    0xff, 0xfe, 0x00, 0xff, 0x07, 0xff, 0x80, 0x0f, 0xf0, 0x1f, 0xc0, 0x00,
    0xff, 0x80, 0x00, 0x00, 0x0f, 0xf8, 0x00, 0x00, 0x00, 0xff, 0x80, 0x00,
    0x00, 0x0f, 0xf8, 0x00, 0x00, 0x00, 0xff, 0x80, 0x00, 0x00, 0x0f, 0xf8,
    0x00, 0x00, 0x00, 0xff, 0x80, 0x00, 0x00, 0x0f, 0xf8, 0x00, 0x00, 0x00,
    0xff, 0x80, 0x00, 0x00, 0x0f, 0xf8, 0x00, 0x00, 0x00, 0xff, 0x80, 0x00,
    0x00, 0x0f, 0xf8, 0x00, 0x00, 0x00, 0xff, 0x80, 0x00, 0x00, 0x0f, 0xf8,
    0x00, 0x00, 0x00, 0xff, 0x80, 0x00, 0x00, 0x00, 0x00, 0x07, 0xf0, 0x00,
    0x00, 0x07, 0xff, 0xc0, 0xfc, 0x03, 0xff, 0xfe, 0x3f, 0x80, 0xff, 0xff,
    0xe7, 0xf0, 0x3f, 0xff, 0xfe, 0xfe, 0x0f, 0xff, 0xff, 0xff, 0xc3, 0xff,
    0xff, 0xff, 0xf8, 0xff, 0xf0, 0x1f, 0xff, 0x1f, 0xf8, 0x00, 0xff, 0xe7,
    0xfe, 0x00, 0x07, 0xfc, 0xff, 0x80, 0x00, 0x7f, 0xbf, 0xf0, 0x00, 0x0f,
    0xf7, 0xfc, 0x00, 0x01, 0xfe, 0xff, 0x00, 0x00, 0x3f, 0xff, 0xe0, 0x00,
    0x07, 0xff, 0xfc, 0x00, 0x00, 0xff, 0xff, 0x80, 0x00, 0x1f, 0xff, 0xe0,
    0x00, 0x03, 0xff, 0xfc, 0x00, 0x00, 0x7f, 0xff, 0x80, 0x00, 0x0f, 0xff,
    0xf0, 0x00, 0x01, 0xff, 0xfe, 0x00, 0x00, 0x3f, 0xff, 0xc0, 0x00, 0x07,
    0xff, 0xf8, 0x00, 0x00, 0xff, 0xff, 0x00, 0x00, 0x1f, 0xff, 0xe0, 0x00,
    0x03, 0xff, 0xfe, 0x00, 0x00, 0x7f, 0xff, 0xc0, 0x00, 0x0f, 0xff, 0xf8,
    0x00, 0x01, 0xfe, 0xff, 0x80, 0x00, 0x3f, 0xdf, 0xf0, 0x00, 0x07, 0xfb,
    0xff, 0x00, 0x01, 0xff, 0x3f, 0xf0, 0x00, 0x7f, 0xe7, 0xff, 0x00, 0x3f,
    0xfc, 0x7f, 0xf8, 0x1f, 0xff, 0x8f, 0xff, 0xff, 0xff, 0xf0, 0xff, 0xff,
    0xff, 0xfe, 0x0f, 0xff, 0xff, 0xbf, 0xc0, 0xff, 0xff, 0xe7, 0xf8, 0x0f,
    0xff, 0xf8, 0xff, 0x00, 0x7f, 0xfc, 0x1f, 0xe0, 0x01, 0xfe, 0x03, 0xfc,
    0x00, 0x00, 0x00, 0x7f, 0x80, 0x00, 0x00, 0x0f, 0xf0, 0x00, 0x00, 0x01,
    0xfe, 0x00, 0x00, 0x00, 0x3f, 0xc0, 0x00, 0x00, 0x07, 0xf8, 0x00, 0x00,
    0x00, 0xff, 0x00, 0x00, 0x00, 0x1f, 0xe0, 0x00, 0x00, 0x03, 0xfc, 0x00,
    0x00, 0x00, 0x7f, 0x80, 0x00, 0x00, 0x0f, 0xf0, 0x00, 0x00, 0x01, 0xfe,
    0x00, 0x00, 0x00, 0x3f, 0xc0, 0x00, 0x00, 0x07, 0xf8, 0x00, 0x00, 0x00,
    0xff, 0x00, 0x00, 0x00, 0x1f, 0xe0, 0x00, 0x00, 0xfe, 0xfe, 0x03, 0xfe,
    0xfe, 0x0f, 0xfe, 0xfe, 0x1f, 0xfe, 0xfe, 0x3f, 0xfe, 0xff, 0x3f, 0xfe,
    0xff, 0x7f, 0xfc, 0xff, 0xff, 0xdc, 0xff, 0xfc, 0x00, 0xff, 0xf8, 0x00,
    0xff, 0xf0, 0x00, 0xff, 0xe0, 0x00, 0xff, 0xc0, 0x00, 0xff, 0xc0, 0x00,
    0xff, 0x80, 0x00, 0xff, 0x80, 0x00, 0xff, 0x80, 0x00, 0xff, 0x80, 0x00,
    0xff, 0x80, 0x00, 0xff, 0x80, 0x00, 0xff, 0x80, 0x00, 0xff, 0x80, 0x00,
    0xff, 0x80, 0x00, 0xff, 0x80, 0x00, 0xff, 0x80, 0x00, 0xff, 0x80, 0x00,
    0xff, 0x80, 0x00, 0xff, 0x80, 0x00, 0xff, 0x80, 0x00, 0xff, 0x80, 0x00,
    0xff, 0x80, 0x00, 0xff, 0x80, 0x00, 0xff, 0x80, 0x00, 0xff, 0x80, 0x00,
    0xff, 0x80, 0x00, 0xff, 0x80, 0x00, 0xff, 0x80, 0x00, 0xff, 0x80, 0x00,
    0xff, 0x80, 0x00, 0xff, 0x80, 0x00, 0xff, 0x80, 0x00, 0x00, 0x0f, 0xf8,
    0x00, 0x01, 0xff, 0xfc, 0x00, 0x1f, 0xff, 0xfc, 0x00, 0xff, 0xff, 0xfc,
    0x07, 0xff, 0xff, 0xf8, 0x3f, 0xff, 0xff, 0xe1, 0xff, 0xe3, 0xff, 0x07,
    0xfc, 0x00, 0xf8, 0x1f, 0xe0, 0x01, 0xc0, 0xff, 0x00, 0x01, 0x03, 0xfc,
    0x00, 0x00, 0x0f, 0xf0, 0x00, 0x00, 0x3f, 0xc0, 0x00, 0x00, 0xff, 0x80,
    0x00, 0x01, 0xff, 0x00, 0x00, 0x07, 0xfe, 0x00, 0x00, 0x0f, 0xfe, 0x00,
    0x00, 0x3f, 0xff, 0x00, 0x00, 0x7f, 0xff, 0x80, 0x00, 0xff, 0xff, 0x80,
    0x00, 0xff, 0xff, 0x80, 0x01, 0xff, 0xff, 0x00, 0x01, 0xff, 0xfe, 0x00,
    0x00, 0xff, 0xfc, 0x00, 0x00, 0xff, 0xf8, 0x00, 0x00, 0xff, 0xe0, 0x00,
    0x00, 0xff, 0xc0, 0x00, 0x01, 0xff, 0x00, 0x00, 0x03, 0xfc, 0x00, 0x00,
    0x0f, 0xf0, 0x00, 0x00, 0x3f, 0xc2, 0x00, 0x00, 0xff, 0x1c, 0x00, 0x03,
    0xfc, 0xfc, 0x00, 0x1f, 0xe7, 0xfc, 0x00, 0xff, 0x9f, 0xff, 0x3f, 0xfe,
    0xff, 0xff, 0xff, 0xf1, 0xff, 0xff, 0xff, 0x81, 0xff, 0xff, 0xfc, 0x01,
    0xff, 0xff, 0xe0, 0x01, 0xff, 0xfe, 0x00, 0x00, 0x7f, 0xc0, 0x00, 0x01,
    0xfc, 0x00, 0x00, 0xfe, 0x00, 0x00, 0x7f, 0x00, 0x00, 0x3f, 0x80, 0x00,
    0x1f, 0xc0, 0x00, 0x1f, 0xe0, 0x00, 0x0f, 0xf0, 0x00, 0x07, 0xf8, 0x00,
    0x03, 0xfc, 0x00, 0x01, 0xfe, 0x00, 0x00, 0xff, 0x00, 0x1f, 0xff, 0xff,
    0xef, 0xff, 0xff, 0xf7, 0xff, 0xff, 0xfb, 0xff, 0xff, 0xfd, 0xff, 0xff,
    0xfe, 0xff, 0xff, 0xff, 0x7f, 0xff, 0xff, 0x80, 0xff, 0x00, 0x00, 0x7f,
    0x80, 0x00, 0x3f, 0xc0, 0x00, 0x1f, 0xe0, 0x00, 0x0f, 0xf0, 0x00, 0x07,
    0xf8, 0x00, 0x03, 0xfc, 0x00, 0x01, 0xfe, 0x00, 0x00, 0xff, 0x00, 0x00,
    0x7f, 0x80, 0x00, 0x3f, 0xc0, 0x00, 0x1f, 0xe0, 0x00, 0x0f, 0xf0, 0x00,
    0x07, 0xf8, 0x00, 0x03, 0xfc, 0x00, 0x01, 0xfe, 0x00, 0x00, 0xff, 0x00,
    0x00, 0x7f, 0x80, 0x00, 0x3f, 0xc0, 0x00, 0x1f, 0xe0, 0x00, 0x0f, 0xf0,
    0x00, 0x07, 0xf8, 0x00, 0x03, 0xfc, 0x00, 0x01, 0xfe, 0x00, 0x00, 0xff,
    0x80, 0x00, 0x7f, 0xc0, 0x00, 0x3f, 0xf0, 0x10, 0x0f, 0xff, 0xf8, 0x07,
    0xff, 0xfc, 0x01, 0xff, 0xff, 0x00, 0x7f, 0xff, 0x80, 0x3f, 0xff, 0xc0,
    0x07, 0xff, 0xe0, 0x00, 0x7f, 0x80, 0xff, 0x00, 0x00, 0xff, 0xff, 0x80,
    0x00, 0x7f, 0xff, 0xc0, 0x00, 0x3f, 0xff, 0xe0, 0x00, 0x1f, 0xff, 0xf0,
    0x00, 0x0f, 0xff, 0xf8, 0x00, 0x07, 0xff, 0xfc, 0x00, 0x03, 0xff, 0xfe,
    0x00, 0x01, 0xff, 0xff, 0x00, 0x00, 0xff, 0xff, 0x80, 0x00, 0x7f, 0xff,
    0xc0, 0x00, 0x3f, 0xff, 0xe0, 0x00, 0x1f, 0xff, 0xf0, 0x00, 0x0f, 0xff,
    0xf8, 0x00, 0x07, 0xff, 0xfc, 0x00, 0x03, 0xff, 0xfe, 0x00, 0x01, 0xff,
    0xff, 0x00, 0x00, 0xff, 0xff, 0x80, 0x00, 0x7f, 0xff, 0xc0, 0x00, 0x3f,
    0xff, 0xe0, 0x00, 0x1f, 0xff, 0xf0, 0x00, 0x0f, 0xff, 0xf8, 0x00, 0x07,
    0xff, 0xfc, 0x00, 0x03, 0xff, 0xfe, 0x00, 0x01, 0xff, 0xff, 0x00, 0x00,
    0xff, 0xff, 0x80, 0x00, 0x7f, 0xff, 0xc0, 0x00, 0x3f, 0xff, 0xe0, 0x00,
    0x1f, 0xff, 0xf0, 0x00, 0x0f, 0xff, 0xfc, 0x00, 0x0f, 0xff, 0xfe, 0x00,
    0x0f, 0xff, 0xff, 0x80, 0x0f, 0xff, 0x7f, 0xc0, 0x1f, 0xff, 0xbf, 0xf8,
    0x3f, 0xff, 0xdf, 0xff, 0xff, 0xdf, 0xe7, 0xff, 0xff, 0xcf, 0xf3, 0xff,
    0xff, 0xc7, 0xf8, 0xff, 0xff, 0xc3, 0xfc, 0x3f, 0xff, 0xc1, 0xfe, 0x07,
    0xff, 0x80, 0x7f, 0x00, 0xff, 0x00, 0x00, 0x00, 0xff, 0x80, 0x00, 0x07,
    0xfb, 0xfc, 0x00, 0x00, 0x3f, 0xdf, 0xe0, 0x00, 0x03, 0xfc, 0xff, 0x80,
    0x00, 0x1f, 0xe3, 0xfc, 0x00, 0x00, 0xff, 0x1f, 0xe0, 0x00, 0x0f, 0xf0,
    0xff, 0x00, 0x00, 0x7f, 0x83, 0xfc, 0x00, 0x03, 0xfc, 0x1f, 0xe0, 0x00,
    0x3f, 0xc0, 0xff, 0x00, 0x01, 0xfe, 0x03, 0xfc, 0x00, 0x0f, 0xf0, 0x1f,
    0xe0, 0x00, 0x7f, 0x00, 0xff, 0x00, 0x07, 0xf8, 0x03, 0xfc, 0x00, 0x3f,
    0xc0, 0x1f, 0xe0, 0x01, 0xfc, 0x00, 0xff, 0x00, 0x1f, 0xe0, 0x03, 0xfc,
    0x00, 0xff, 0x00, 0x1f, 0xe0, 0x07, 0xf0, 0x00, 0xff, 0x00, 0x7f, 0x80,
    0x03, 0xfc, 0x03, 0xfc, 0x00, 0x1f, 0xe0, 0x1f, 0xc0, 0x00, 0xff, 0x01,
    0xfe, 0x00, 0x03, 0xf8, 0x0f, 0xf0, 0x00, 0x1f, 0xe0, 0x7f, 0x00, 0x00,
    0xff, 0x03, 0xf8, 0x00, 0x03, 0xf8, 0x3f, 0xc0, 0x00, 0x1f, 0xe1, 0xfc,
    0x00, 0x00, 0x7f, 0x0f, 0xe0, 0x00, 0x03, 0xf8, 0xff, 0x00, 0x00, 0x1f,
    0xc7, 0xf0, 0x00, 0x00, 0x7f, 0x3f, 0x80, 0x00, 0x03, 0xf9, 0xfc, 0x00,
    0x00, 0x1f, 0xdf, 0xc0, 0x00, 0x00, 0x7f, 0xfe, 0x00, 0x00, 0x03, 0xff,
    0xe0, 0x00, 0x00, 0x1f, 0xff, 0x00, 0x00, 0x00, 0x7f, 0xf8, 0x00, 0x00,
    0x03, 0xff, 0x80, 0x00, 0x00, 0x1f, 0xfc, 0x00, 0x00, 0x00, 0x7f, 0xe0,
    0x00, 0xff, 0x00, 0x00, 0xff, 0x00, 0x00, 0xff, 0xff, 0x80, 0x00, 0xff,
    0x00, 0x00, 0xfe, 0x7f, 0x80, 0x00, 0xff, 0x80, 0x01, 0xfe, 0x7f, 0x80,
    0x01, 0xff, 0x80, 0x01, 0xfe, 0x7f, 0x80, 0x01, 0xff, 0x80, 0x01, 0xfe,
    0x7f, 0xc0, 0x01, 0xff, 0x80, 0x01, 0xfc, 0x3f, 0xc0, 0x01, 0xff, 0xc0,
    0x03, 0xfc, 0x3f, 0xc0, 0x03, 0xff, 0xc0, 0x03, 0xfc, 0x3f, 0xc0, 0x03,
    0xff, 0xc0, 0x03, 0xfc, 0x3f, 0xe0, 0x03, 0xef, 0xc0, 0x03, 0xf8, 0x1f,
    0xe0, 0x07, 0xef, 0xe0, 0x07, 0xf8, 0x1f, 0xe0, 0x07, 0xe7, 0xe0, 0x07,
    0xf8, 0x1f, 0xe0, 0x07, 0xe7, 0xe0, 0x07, 0xf8, 0x0f, 0xf0, 0x07, 0xe7,
    0xe0, 0x07, 0xf0, 0x0f, 0xf0, 0x0f, 0xc7, 0xf0, 0x0f, 0xf0, 0x0f, 0xf0,
    0x0f, 0xc7, 0xf0, 0x0f, 0xf0, 0x0f, 0xf0, 0x0f, 0xc3, 0xf0, 0x0f, 0xe0,
    0x07, 0xf8, 0x0f, 0xc3, 0xf0, 0x0f, 0xe0, 0x07, 0xf8, 0x1f, 0xc3, 0xf8,
    0x0f, 0xe0, 0x07, 0xf8, 0x1f, 0x83, 0xf8, 0x1f, 0xe0, 0x07, 0xf8, 0x1f,
    0x81, 0xf8, 0x1f, 0xc0, 0x03, 0xfc, 0x1f, 0x81, 0xfc, 0x1f, 0xc0, 0x03,
    0xfc, 0x3f, 0x81, 0xfc, 0x1f, 0xc0, 0x03, 0xfc, 0x3f, 0x01, 0xfc, 0x3f,
    0xc0, 0x03, 0xfc, 0x3f, 0x00, 0xfc, 0x3f, 0x80, 0x01, 0xfc, 0x3f, 0x00,
    0xfc, 0x3f, 0x80, 0x01, 0xfc, 0x7f, 0x00, 0xfe, 0x3f, 0x80, 0x01, 0xfe,
    0x7e, 0x00, 0xfe, 0x3f, 0x80, 0x00, 0xfe, 0x7e, 0x00, 0x7e, 0x7f, 0x00,
    0x00, 0xfe, 0x7e, 0x00, 0x7e, 0x7f, 0x00, 0x00, 0xfe, 0x7e, 0x00, 0x7f,
    0x7f, 0x00, 0x00, 0xfe, 0xfc, 0x00, 0x7f, 0x7f, 0x00, 0x00, 0x7f, 0xfc,
    0x00, 0x3f, 0x7e, 0x00, 0x00, 0x7f, 0xfc, 0x00, 0x3f, 0xfe, 0x00, 0x00,
    0x7f, 0xfc, 0x00, 0x3f, 0xfe, 0x00, 0x00, 0x7f, 0xf8, 0x00, 0x3f, 0xfe,
    0x00, 0x00, 0x3f, 0xf8, 0x00, 0x1f, 0xfc, 0x00, 0x00, 0x3f, 0xf8, 0x00,
    0x1f, 0xfc, 0x00, 0x00, 0x3f, 0xf8, 0x00, 0x1f, 0xfc, 0x00, 0x00, 0x3f,
    0xf0, 0x00, 0x1f, 0xfc, 0x00, 0x7f, 0xc0, 0x00, 0x3f, 0xe3, 0xfe, 0x00,
    0x07, 0xfc, 0x1f, 0xe0, 0x00, 0x7f, 0x81, 0xff, 0x00, 0x0f, 0xf8, 0x0f,
    0xf8, 0x00, 0xff, 0x00, 0xff, 0x80, 0x1f, 0xf0, 0x07, 0xfc, 0x01, 0xfe,
    0x00, 0x3f, 0xc0, 0x3f, 0xc0, 0x03, 0xfe, 0x03, 0xfc, 0x00, 0x1f, 0xe0,
    0x7f, 0x80, 0x00, 0xff, 0x07, 0xf8, 0x00, 0x0f, 0xf8, 0xff, 0x00, 0x00,
    0x7f, 0x8f, 0xe0, 0x00, 0x07, 0xfd, 0xfe, 0x00, 0x00, 0x3f, 0xdf, 0xc0,
    0x00, 0x01, 0xff, 0xfc, 0x00, 0x00, 0x1f, 0xff, 0x80, 0x00, 0x00, 0xff,
    0xf0, 0x00, 0x00, 0x0f, 0xff, 0x00, 0x00, 0x00, 0x7f, 0xe0, 0x00, 0x00,
    0x0f, 0xfe, 0x00, 0x00, 0x01, 0xff, 0xf0, 0x00, 0x00, 0x1f, 0xff, 0x80,
    0x00, 0x03, 0xff, 0xf8, 0x00, 0x00, 0x3f, 0xff, 0xc0, 0x00, 0x07, 0xfb,
    0xfc, 0x00, 0x00, 0xff, 0x1f, 0xe0, 0x00, 0x0f, 0xe1, 0xff, 0x00, 0x01,
    0xfe, 0x0f, 0xf0, 0x00, 0x1f, 0xc0, 0xff, 0x80, 0x03, 0xfc, 0x07, 0xfc,
    0x00, 0x7f, 0x80, 0x3f, 0xc0, 0x07, 0xf8, 0x03, 0xfe, 0x00, 0xff, 0x00,
    0x1f, 0xf0, 0x1f, 0xf0, 0x01, 0xff, 0x01, 0xfe, 0x00, 0x0f, 0xf8, 0x3f,
    0xe0, 0x00, 0x7f, 0xc3, 0xfc, 0x00, 0x07, 0xfc, 0x7f, 0xc0, 0x00, 0x3f,
    0xef, 0xf8, 0x00, 0x03, 0xfe, 0xff, 0x80, 0x00, 0x07, 0xfb, 0xfc, 0x00,
    0x00, 0x3f, 0xdf, 0xe0, 0x00, 0x03, 0xfc, 0xff, 0x80, 0x00, 0x1f, 0xe3,
    0xfc, 0x00, 0x00, 0xff, 0x1f, 0xe0, 0x00, 0x07, 0xf0, 0x7f, 0x80, 0x00,
    0x7f, 0x83, 0xfc, 0x00, 0x03, 0xfc, 0x1f, 0xe0, 0x00, 0x1f, 0xc0, 0x7f,
    0x80, 0x01, 0xfe, 0x03, 0xfc, 0x00, 0x0f, 0xf0, 0x0f, 0xe0, 0x00, 0x7f,
    0x00, 0x7f, 0x80, 0x07, 0xf8, 0x03, 0xfc, 0x00, 0x3f, 0xc0, 0x0f, 0xf0,
    0x01, 0xfc, 0x00, 0x7f, 0x80, 0x1f, 0xe0, 0x03, 0xfc, 0x00, 0xff, 0x00,
    0x0f, 0xf0, 0x07, 0xf0, 0x00, 0x7f, 0x80, 0x3f, 0x80, 0x01, 0xfc, 0x03,
    0xfc, 0x00, 0x0f, 0xf0, 0x1f, 0xc0, 0x00, 0x7f, 0x80, 0xfe, 0x00, 0x01,
    0xfc, 0x0f, 0xf0, 0x00, 0x0f, 0xf0, 0x7f, 0x00, 0x00, 0x3f, 0x83, 0xf8,
    0x00, 0x01, 0xfc, 0x3f, 0xc0, 0x00, 0x0f, 0xf1, 0xfc, 0x00, 0x00, 0x3f,
    0x8f, 0xe0, 0x00, 0x01, 0xfc, 0x7f, 0x00, 0x00, 0x07, 0xf7, 0xf0, 0x00,
    0x00, 0x3f, 0xbf, 0x80, 0x00, 0x01, 0xfd, 0xf8, 0x00, 0x00, 0x07, 0xff,
    0xc0, 0x00, 0x00, 0x3f, 0xfe, 0x00, 0x00, 0x00, 0xff, 0xe0, 0x00, 0x00,
    0x07, 0xff, 0x00, 0x00, 0x00, 0x3f, 0xf8, 0x00, 0x00, 0x00, 0xff, 0x80,
    0x00, 0x00, 0x07, 0xfc, 0x00, 0x00, 0x00, 0x3f, 0xe0, 0x00, 0x00, 0x00,
    0xfe, 0x00, 0x00, 0x00, 0x0f, 0xf0, 0x00, 0x00, 0x00, 0x7f, 0x80, 0x00,
    0x00, 0x03, 0xf8, 0x00, 0x00, 0x00, 0x3f, 0xc0, 0x00, 0x00, 0x01, 0xfe,
    0x00, 0x00, 0x00, 0x1f, 0xe0, 0x00, 0x00, 0x01, 0xff, 0x00, 0x00, 0x00,
    0x1f, 0xf0, 0x00, 0x00, 0x01, 0xff, 0x80, 0x00, 0x07, 0xff, 0xf8, 0x00,
    0x00, 0x3f, 0xff, 0x80, 0x00, 0x01, 0xff, 0xf8, 0x00, 0x00, 0x0f, 0xff,
    0x80, 0x00, 0x00, 0x7f, 0xf8, 0x00, 0x00, 0x07, 0xff, 0x80, 0x00, 0x00,
    0x1f, 0xe0, 0x00, 0x00, 0x00, 0x3f, 0xff, 0xff, 0xfc, 0xff, 0xff, 0xff,
    0xf3, 0xff, 0xff, 0xff, 0xcf, 0xff, 0xff, 0xff, 0x3f, 0xff, 0xff, 0xfc,
    0xff, 0xff, 0xff, 0xe3, 0xff, 0xff, 0xff, 0x00, 0x00, 0x07, 0xfc, 0x00,
    0x00, 0x3f, 0xe0, 0x00, 0x01, 0xff, 0x00, 0x00, 0x07, 0xfc, 0x00, 0x00,
    0x3f, 0xe0, 0x00, 0x01, 0xff, 0x00, 0x00, 0x07, 0xfc, 0x00, 0x00, 0x3f,
    0xe0, 0x00, 0x01, 0xff, 0x00, 0x00, 0x07, 0xf8, 0x00, 0x00, 0x3f, 0xe0,
    0x00, 0x01, 0xff, 0x00, 0x00, 0x07, 0xf8, 0x00, 0x00, 0x3f, 0xe0, 0x00,
    0x01, 0xff, 0x00, 0x00, 0x0f, 0xf8, 0x00, 0x00, 0x3f, 0xe0, 0x00, 0x01,
    0xff, 0x00, 0x00, 0x0f, 0xf8, 0x00, 0x00, 0x3f, 0xe0, 0x00, 0x01, 0xff,
    0x00, 0x00, 0x0f, 0xf8, 0x00, 0x00, 0x3f, 0xe0, 0x00, 0x01, 0xff, 0x00,
    0x00, 0x0f, 0xf8, 0x00, 0x00, 0x3f, 0xe0, 0x00, 0x01, 0xff, 0xff, 0xff,
    0xff, 0xff, 0xff, 0xff, 0xff, 0xff, 0xff, 0xff, 0xff, 0xff, 0xff, 0xff,
    0xff, 0xff, 0xff, 0xff, 0xff, 0xff, 0xff, 0xff, 0xff, 0xff, 0xff, 0x00,
    0x03, 0xf0, 0x03, 0xff, 0x00, 0xff, 0xf0, 0x0f, 0xff, 0x01, 0xff, 0xf0,
    0x1f, 0xe0, 0x03, 0xfc, 0x00, 0x3f, 0x80, 0x03, 0xf8, 0x00, 0x3f, 0x80,
    0x03, 0xf8, 0x00, 0x3f, 0x80, 0x03, 0xf8, 0x00, 0x3f, 0x80, 0x03, 0xf8,
    0x00, 0x3f, 0x80, 0x03, 0xf8, 0x00, 0x3f, 0x80, 0x03, 0xf8, 0x00, 0x3f,
    0x80, 0x03, 0xf8, 0x00, 0x3f, 0x80, 0x03, 0xf8, 0x00, 0x3f, 0x80, 0x03,
    0xf8, 0x00, 0x1f, 0x80, 0x01, 0xf8, 0x00, 0x1f, 0x80, 0x03, 0xf8, 0x00,
    0x3f, 0x80, 0x07, 0xf8, 0x00, 0x7f, 0x00, 0x1f, 0xf0, 0x0f, 0xfe, 0x00,
    0xff, 0xc0, 0x0f, 0xf0, 0x00, 0xff, 0xc0, 0x0f, 0xfe, 0x00, 0x1f, 0xf0,
    0x00, 0x7f, 0x00, 0x07, 0xf8, 0x00, 0x3f, 0x80, 0x03, 0xf8, 0x00, 0x3f,
    0x80, 0x01, 0xf8, 0x00, 0x1f, 0x80, 0x01, 0xf8, 0x00, 0x3f, 0x80, 0x03,
    0xf8, 0x00, 0x3f, 0x80, 0x03, 0xf8, 0x00, 0x3f, 0x80, 0x03, 0xf8, 0x00,
    0x3f, 0x80, 0x03, 0xf8, 0x00, 0x3f, 0x80, 0x03, 0xf8, 0x00, 0x3f, 0x80,
    0x03, 0xf8, 0x00, 0x3f, 0x80, 0x03, 0xf8, 0x00, 0x3f, 0x80, 0x03, 0xf8,
    0x00, 0x3f, 0x80, 0x03, 0xfc, 0x00, 0x1f, 0xe0, 0x01, 0xff, 0xf0, 0x0f,
    0xff, 0x00, 0xff, 0xf0, 0x03, 0xff, 0x00, 0x03, 0xf0, 0xff, 0xff, 0xff,
    0xff, 0xff, 0xff, 0xff, 0xff, 0xff, 0xff, 0xff, 0xff, 0xff, 0xff, 0xff,
    0xff, 0xff, 0xff, 0xff, 0xff, 0xff, 0xff, 0xff, 0xff, 0xff, 0xff, 0xff,
    0xff, 0xff, 0xff, 0xff, 0xff, 0xff, 0xff, 0xff, 0xff, 0xff, 0xff, 0xff,
    0xff, 0xff, 0xff, 0xff, 0xff, 0xff, 0xff, 0xff, 0xff, 0xff, 0xff, 0xff,
    0xff, 0xff, 0xff, 0xff, 0xff, 0xff, 0xff, 0xff, 0xff, 0xfc, 0xfc, 0x00,
    0x0f, 0xfc, 0x00, 0xff, 0xe0, 0x0f, 0xff, 0x00, 0xff, 0xf0, 0x00, 0xff,
    0x80, 0x03, 0xf8, 0x00, 0x3f, 0x80, 0x01, 0xfc, 0x00, 0x1f, 0xc0, 0x01,
    0xfc, 0x00, 0x1f, 0xc0, 0x01, 0xfc, 0x00, 0x1f, 0xc0, 0x01, 0xfc, 0x00,
    0x1f, 0xc0, 0x01, 0xfc, 0x00, 0x1f, 0x80, 0x01, 0xf8, 0x00, 0x1f, 0x80,
    0x01, 0xf8, 0x00, 0x1f, 0x80, 0x01, 0xf8, 0x00, 0x1f, 0x80, 0x01, 0xf8,
    0x00, 0x1f, 0x80, 0x01, 0xf8, 0x00, 0x1f, 0x80, 0x01, 0xf8, 0x00, 0x1f,
    0x80, 0x01, 0xfc, 0x00, 0x1f, 0xe0, 0x00, 0xff, 0x80, 0x0f, 0xff, 0x00,
    0x3f, 0xf0, 0x00, 0xff, 0x00, 0x3f, 0xf0, 0x0f, 0xff, 0x00, 0xff, 0x80,
    0x1f, 0xe0, 0x01, 0xfc, 0x00, 0x1f, 0x80, 0x01, 0xf8, 0x00, 0x1f, 0x80,
    0x01, 0xf8, 0x00, 0x1f, 0x80, 0x01, 0xf8, 0x00, 0x1f, 0x80, 0x01, 0xf8,
    0x00, 0x1f, 0x80, 0x01, 0xf8, 0x00, 0x1f, 0x80, 0x01, 0xf8, 0x00, 0x1f,
    0x80, 0x01, 0xfc, 0x00, 0x1f, 0xc0, 0x01, 0xfc, 0x00, 0x1f, 0xc0, 0x01,
    0xfc, 0x00, 0x1f, 0xc0, 0x01, 0xfc, 0x00, 0x1f, 0xc0, 0x01, 0xfc, 0x00,
    0x3f, 0x80, 0x03, 0xf8, 0x00, 0xff, 0x80, 0xff, 0xf8, 0x0f, 0xff, 0x00,
    0xff, 0xe0, 0x0f, 0xfc, 0x00, 0xfc, 0x00, 0x00, 0x00, 0xf0, 0x00, 0x00,
    0x00, 0xff, 0xc0, 0x00, 0x00, 0x3f, 0xfe, 0x00, 0x00, 0x0f, 0xff, 0xe0,
    0x01, 0xc3, 0xff, 0xfe, 0x00, 0x7c, 0xff, 0xff, 0xf0, 0x1f, 0xff, 0xc3,
    0xff, 0x87, 0xff, 0xf0, 0x1f, 0xff, 0xfe, 0x7c, 0x01, 0xff, 0xff, 0x87,
    0x00, 0x1f, 0xff, 0xe0, 0x00, 0x00, 0xff, 0xf8, 0x00, 0x00, 0x0f, 0xfe,
    0x00, 0x00, 0x00, 0x7f, 0x00, 0x01, 0xfe, 0x00, 0x3f, 0xfc, 0x03, 0xff,
    0xf0, 0x3f, 0xff, 0xc3, 0xf0, 0x7f, 0x3f, 0x00, 0xf9, 0xf0, 0x03, 0xef,
    0x80, 0x1f, 0xf8, 0x00, 0x7f, 0xc0, 0x03, 0xfe, 0x00, 0x1f, 0xf0, 0x00,
    0xff, 0x80, 0x0f, 0xbe, 0x00, 0x7d, 0xf0, 0x07, 0xef, 0xc0, 0x7e, 0x3f,
    0xcf, 0xf0, 0xff, 0xff, 0x03, 0xff, 0xf0, 0x0f, 0xfe, 0x00, 0x0f, 0xc0,
    0x00, 0xff, 0xff, 0xff, 0xff, 0xff, 0xff, 0xff, 0xff, 0xff, 0xff, 0xff,
    0xff, 0xff, 0xff, 0xff, 0xff, 0xff, 0xff, 0xff, 0xff, 0xff, 0xff, 0xff,
    0xff, 0xff, 0xff, 0xff, 0xff, 0xff, 0xff, 0xff, 0xff, 0xff, 0xff, 0xff,
    0xff, 0xff, 0xff, 0xff, 0xff, 0xff, 0xff, 0xff, 0xf0, 0x1e, 0x00, 0x00,
    0x1e, 0x00, 0x00, 0x1e, 0x1f, 0xe0, 0x00, 0x1f, 0xe0, 0x00, 0x1f, 0xe7,
    0xf8, 0x00, 0x07, 0xf8, 0x00, 0x07, 0xfb, 0xff, 0x00, 0x03, 0xff, 0x00,
    0x03, 0xff, 0xff, 0xc0, 0x00, 0xff, 0xc0, 0x00, 0xff, 0xff, 0xf0, 0x00,
    0x3f, 0xf0, 0x00, 0x3f, 0xff, 0xfc, 0x00, 0x0f, 0xfc, 0x00, 0x0f, 0xff,
    0xff, 0x00, 0x03, 0xff, 0x00, 0x03, 0xff, 0x7f, 0x80, 0x00, 0x7f, 0x80,
    0x00, 0x7f, 0x8f, 0xc0, 0x00, 0x0f, 0xc0, 0x00, 0x0f, 0xc0, 0x03, 0xfe,
    0x00, 0x00, 0x00, 0x00, 0x00, 0x00, 0x01, 0xff, 0xf0, 0x00, 0x00, 0x00,
    0xff, 0xc0, 0x00, 0x7f, 0xff, 0x00, 0x00, 0x00, 0xff, 0xff, 0x00, 0x1f,
    0xff, 0xf0, 0x00, 0x00, 0x7f, 0xff, 0xf8, 0x07, 0xf0, 0x7f, 0x00, 0x00,
    0x3f, 0xff, 0xff, 0xc0, 0xfc, 0x07, 0xe0, 0x00, 0x1f, 0xff, 0xff, 0xfc,
    0x3f, 0x00, 0x7e, 0x00, 0x07, 0xff, 0xff, 0xff, 0xc7, 0xc0, 0x07, 0xc0,
    0x01, 0xff, 0xff, 0xff, 0xfc, 0xf8, 0x00, 0xf8, 0x00, 0x7f, 0xff, 0xff,
    0xff, 0x9f, 0x00, 0x1f, 0x00, 0x1f, 0xff, 0x00, 0x1f, 0xe3, 0xe0, 0x03,
    0xe0, 0x03, 0xff, 0x80, 0x00, 0xf8, 0x7c, 0x00, 0x7c, 0x00, 0xff, 0xe0,
    0x00, 0x0e, 0x0f, 0x80, 0x0f, 0x80, 0x3f, 0xf8, 0x00, 0x00, 0x81, 0xf0,
    0x01, 0xf0, 0x07, 0xfe, 0x00, 0x00, 0x00, 0x3f, 0x00, 0x7c, 0x01, 0xff,
    0x80, 0x00, 0x00, 0x03, 0xf0, 0x1f, 0x80, 0x3f, 0xe0, 0x00, 0x00, 0x00,
    0x7f, 0x07, 0xf0, 0x0f, 0xfc, 0x00, 0x00, 0x00, 0x07, 0xff, 0xfc, 0x01,
    0xff, 0x00, 0x00, 0x00, 0x00, 0x7f, 0xff, 0x00, 0x3f, 0xe0, 0x00, 0x00,
    0x00, 0x07, 0xff, 0xc0, 0x0f, 0xfc, 0x00, 0x00, 0x00, 0x00, 0x3f, 0xe0,
    0x01, 0xff, 0x00, 0x00, 0x00, 0x00, 0x00, 0x00, 0x00, 0x3f, 0xe0, 0x00,
    0x00, 0x00, 0x00, 0x00, 0x00, 0x07, 0xfc, 0x00, 0x00, 0x00, 0x00, 0x00,
    0x00, 0x00, 0xff, 0x80, 0x00, 0x00, 0x00, 0x00, 0x00, 0x00, 0x1f, 0xe0,
    0x00, 0x00, 0x00, 0x00, 0x00, 0x00, 0x07, 0xfc, 0x00, 0x00, 0x00, 0x00,
    0x00, 0x00, 0x00, 0xff, 0x80, 0x00, 0x00, 0x00, 0x00, 0x00, 0x00, 0x1f,
    0xf0, 0x00, 0x00, 0x00, 0x00, 0x00, 0x00, 0x03, 0xfe, 0x00, 0x00, 0x00,
    0x00, 0x00, 0x00, 0x00, 0x7f, 0xc0, 0x00, 0x00, 0x00, 0x00, 0x00, 0x00,
    0x0f, 0xf8, 0x00, 0x00, 0x00, 0x00, 0x00, 0x00, 0x01, 0xff, 0x00, 0x00,
    0x00, 0x00, 0x00, 0x00, 0x00, 0x3f, 0xe0, 0x00, 0x00, 0x00, 0x00, 0x00,
    0x00, 0x03, 0xfc, 0x00, 0x00, 0x00, 0x00, 0x00, 0x00, 0x00, 0x7f, 0xc0,
    0x00, 0x00, 0x00, 0x00, 0x00, 0x00, 0x0f, 0xf8, 0x00, 0x00, 0x00, 0x00,
    0x00, 0x00, 0x01, 0xff, 0x00, 0x00, 0x00, 0x00, 0x00, 0x00, 0x00, 0x3f,
    0xe0, 0x00, 0x00, 0x00, 0x00, 0x00, 0x00, 0x07, 0xfe, 0x00, 0x00, 0x00,
    0x00, 0x00, 0x00, 0x00, 0x7f, 0xc0, 0x00, 0x00, 0x00, 0x00, 0x00, 0x00,
    0x0f, 0xf8, 0x00, 0x00, 0x00, 0x00, 0x00, 0x00, 0x01, 0xff, 0x80, 0x00,
    0x00, 0x00, 0x00, 0x00, 0x00, 0x1f, 0xf8, 0x00, 0x00, 0x00, 0x00, 0x00,
    0x00, 0x03, 0xff, 0x00, 0x00, 0x00, 0x00, 0x00, 0x00, 0x00, 0x3f, 0xf0,
    0x00, 0x00, 0x60, 0x00, 0x00, 0x00, 0x07, 0xff, 0x00, 0x00, 0x1e, 0x00,
    0x00, 0x00, 0x00, 0x7f, 0xf0, 0x00, 0x0f, 0xe0, 0x00, 0x00, 0x00, 0x07,
    0xff, 0x80, 0x03, 0xfc, 0x00, 0x00, 0x00, 0x00, 0xff, 0xfe, 0x03, 0xff,
    0xc0, 0x00, 0x00, 0x00, 0x0f, 0xff, 0xff, 0xff, 0xf8, 0x00, 0x00, 0x00,
    0x00, 0xff, 0xff, 0xff, 0xfe, 0x00, 0x00, 0x00, 0x00, 0x07, 0xff, 0xff,
    0xff, 0x80, 0x00, 0x00, 0x00, 0x00, 0x7f, 0xff, 0xff, 0xe0, 0x00, 0x00,
    0x00, 0x00, 0x07, 0xff, 0xff, 0xf0, 0x00, 0x00, 0x00, 0x00, 0x00, 0x3f,
    0xff, 0xf8, 0x00, 0x00, 0x00, 0x00, 0x00, 0x00, 0xff, 0xfc, 0x00, 0x00,
    0x00, 0x00, 0x00, 0x00, 0x00, 0x60, 0x00, 0x00,
};

/*---------------------
 *  GLYPH DESCRIPTION
 *--------------------*/

static const lv_font_fmt_txt_glyph_dsc_t glyph_dsc[] = {
    {.bitmap_index = 0, .adv_w = 0, .box_w = 0, .box_h = 0, .ofs_x = 0, .ofs_y = 0} /* id = 0 reserved */,
    {.bitmap_index = 0, .adv_w = 256, .box_w = 1, .box_h = 1, .ofs_x = 0, .ofs_y = 83},
    {.bitmap_index = 1, .adv_w = 400, .box_w = 11, .box_h = 55, .ofs_x = 7, .ofs_y = 30},
    {.bitmap_index = 77, .adv_w = 592, .box_w = 25, .box_h = 23, .ofs_x = 6, .ofs_y = 28},
    {.bitmap_index = 149, .adv_w = 656, .box_w = 36, .box_h = 52, .ofs_x = 3, .ofs_y = 32},
    {.bitmap_index = 383, .adv_w = 656, .box_w = 32, .box_h = 70, .ofs_x = 4, .ofs_y = 23},
    {.bitmap_index = 663, .adv_w = 1088, .box_w = 62, .box_h = 55, .ofs_x = 3, .ofs_y = 30},
    {.bitmap_index = 1090, .adv_w = 816, .box_w = 48, .box_h = 55, .ofs_x = 2, .ofs_y = 30},
    {.bitmap_index = 1420, .adv_w = 336, .box_w = 9, .box_h = 23, .ofs_x = 6, .ofs_y = 28},
    {.bitmap_index = 1446, .adv_w = 416, .box_w = 16, .box_h = 74, .ofs_x = 6, .ofs_y = 24},
    {.bitmap_index = 1594, .adv_w = 416, .box_w = 16, .box_h = 74, .ofs_x = 3, .ofs_y = 24},
    {.bitmap_index = 1742, .adv_w = 560, .box_w = 27, .box_h = 25, .ofs_x = 4, .ofs_y = 27},
    {.bitmap_index = 1827, .adv_w = 656, .box_w = 35, .box_h = 38, .ofs_x = 3, .ofs_y = 38},
    {.bitmap_index = 1994, .adv_w = 336, .box_w = 13, .box_h = 25, .ofs_x = 4, .ofs_y = 73},
    {.bitmap_index = 2035, .adv_w = 416, .box_w = 19, .box_h = 6, .ofs_x = 3, .ofs_y = 61},
    {.bitmap_index = 2050, .adv_w = 336, .box_w = 11, .box_h = 12, .ofs_x = 5, .ofs_y = 73},
    {.bitmap_index = 2067, .adv_w = 448, .box_w = 26, .box_h = 70, .ofs_x = 1, .ofs_y = 27},
    {.bitmap_index = 2295, .adv_w = 656, .box_w = 35, .box_h = 55, .ofs_x = 3, .ofs_y = 30},
    {.bitmap_index = 2536, .adv_w = 656, .box_w = 30, .box_h = 53, .ofs_x = 6, .ofs_y = 31},
    {.bitmap_index = 2735, .adv_w = 656, .box_w = 34, .box_h = 54, .ofs_x = 3, .ofs_y = 30},
    {.bitmap_index = 2965, .adv_w = 656, .box_w = 35, .box_h = 55, .ofs_x = 2, .ofs_y = 30},
    {.bitmap_index = 3206, .adv_w = 656, .box_w = 38, .box_h = 53, .ofs_x = 1, .ofs_y = 31},
    {.bitmap_index = 3458, .adv_w = 656, .box_w = 35, .box_h = 54, .ofs_x = 2, .ofs_y = 31},
    {.bitmap_index = 3695, .adv_w = 656, .box_w = 34, .box_h = 55, .ofs_x = 4, .ofs_y = 30},
    {.bitmap_index = 3929, .adv_w = 656, .box_w = 34, .box_h = 53, .ofs_x = 4, .ofs_y = 31},
    {.bitmap_index = 4155, .adv_w = 656, .box_w = 35, .box_h = 55, .ofs_x = 3, .ofs_y = 30},
    {.bitmap_index = 4396, .adv_w = 656, .box_w = 34, .box_h = 55, .ofs_x = 3, .ofs_y = 30},
    {.bitmap_index = 4630, .adv_w = 336, .box_w = 11, .box_h = 40, .ofs_x = 5, .ofs_y = 45},
    {.bitmap_index = 4685, .adv_w = 336, .box_w = 13, .box_h = 53, .ofs_x = 4, .ofs_y = 45},
    {.bitmap_index = 4772, .adv_w = 656, .box_w = 35, .box_h = 34, .ofs_x = 3, .ofs_y = 40},
    {.bitmap_index = 4921, .adv_w = 656, .box_w = 35, .box_h = 24, .ofs_x = 3, .ofs_y = 45},
    {.bitmap_index = 5026, .adv_w = 656, .box_w = 35, .box_h = 34, .ofs_x = 3, .ofs_y = 40},
    {.bitmap_index = 5175, .adv_w = 560, .box_w = 29, .box_h = 56, .ofs_x = 3, .ofs_y = 29},
    {.bitmap_index = 5378, .adv_w = 1120, .box_w = 62, .box_h = 66, .ofs_x = 4, .ofs_y = 31},
    {.bitmap_index = 5890, .adv_w = 720, .box_w = 45, .box_h = 53, .ofs_x = 0, .ofs_y = 31},
    {.bitmap_index = 6189, .adv_w = 768, .box_w = 38, .box_h = 53, .ofs_x = 7, .ofs_y = 31},
    {.bitmap_index = 6441, .adv_w = 752, .box_w = 40, .box_h = 55, .ofs_x = 4, .ofs_y = 30},
    {.bitmap_index = 6716, .adv_w = 800, .box_w = 39, .box_h = 53, .ofs_x = 7, .ofs_y = 31},
    {.bitmap_index = 6975, .adv_w = 688, .box_w = 32, .box_h = 53, .ofs_x = 7, .ofs_y = 31},
    {.bitmap_index = 7187, .adv_w = 656, .box_w = 31, .box_h = 53, .ofs_x = 7, .ofs_y = 31},
    {.bitmap_index = 7393, .adv_w = 800, .box_w = 41, .box_h = 55, .ofs_x = 4, .ofs_y = 30},
    {.bitmap_index = 7675, .adv_w = 848, .box_w = 39, .box_h = 53, .ofs_x = 7, .ofs_y = 31},
    {.bitmap_index = 7934, .adv_w = 352, .box_w = 8, .box_h = 53, .ofs_x = 7, .ofs_y = 31},
    {.bitmap_index = 7987, .adv_w = 640, .box_w = 31, .box_h = 54, .ofs_x = 2, .ofs_y = 31},
    {.bitmap_index = 8197, .adv_w = 768, .box_w = 41, .box_h = 53, .ofs_x = 7, .ofs_y = 31},
    {.bitmap_index = 8469, .adv_w = 640, .box_w = 31, .box_h = 53, .ofs_x = 7, .ofs_y = 31},
    {.bitmap_index = 8675, .adv_w = 960, .box_w = 46, .box_h = 53, .ofs_x = 7, .ofs_y = 31},
    {.bitmap_index = 8980, .adv_w = 848, .box_w = 39, .box_h = 53, .ofs_x = 7, .ofs_y = 31},
    {.bitmap_index = 9239, .adv_w = 864, .box_w = 46, .box_h = 55, .ofs_x = 4, .ofs_y = 30},
    {.bitmap_index = 9556, .adv_w = 752, .box_w = 36, .box_h = 53, .ofs_x = 7, .ofs_y = 31},
    {.bitmap_index = 9795, .adv_w = 864, .box_w = 48, .box_h = 68, .ofs_x = 4, .ofs_y = 30},
    {.bitmap_index = 10203, .adv_w = 752, .box_w = 38, .box_h = 53, .ofs_x = 7, .ofs_y = 31},
    {.bitmap_index = 10455, .adv_w = 704, .box_w = 38, .box_h = 55, .ofs_x = 3, .ofs_y = 30},
    {.bitmap_index = 10717, .adv_w = 704, .box_w = 40, .box_h = 53, .ofs_x = 2, .ofs_y = 31},
    {.bitmap_index = 10982, .adv_w = 848, .box_w = 39, .box_h = 54, .ofs_x = 7, .ofs_y = 31},
    {.bitmap_index = 11246, .adv_w = 688, .box_w = 43, .box_h = 53, .ofs_x = 0, .ofs_y = 31},
    {.bitmap_index = 11531, .adv_w = 1024, .box_w = 61, .box_h = 53, .ofs_x = 2, .ofs_y = 31},
    {.bitmap_index = 11936, .adv_w = 688, .box_w = 41, .box_h = 53, .ofs_x = 1, .ofs_y = 31},
    {.bitmap_index = 12208, .adv_w = 640, .box_w = 40, .box_h = 53, .ofs_x = 0, .ofs_y = 31},
    {.bitmap_index = 12473, .adv_w = 704, .box_w = 38, .box_h = 53, .ofs_x = 3, .ofs_y = 31},
    {.bitmap_index = 12725, .adv_w = 416, .box_w = 16, .box_h = 71, .ofs_x = 7, .ofs_y = 26},
    {.bitmap_index = 12867, .adv_w = 448, .box_w = 26, .box_h = 70, .ofs_x = 1, .ofs_y = 27},
    {.bitmap_index = 13095, .adv_w = 416, .box_w = 15, .box_h = 71, .ofs_x = 3, .ofs_y = 26},
    {.bitmap_index = 13229, .adv_w = 656, .box_w = 31, .box_h = 32, .ofs_x = 5, .ofs_y = 30},
    {.bitmap_index = 13353, .adv_w = 640, .box_w = 39, .box_h = 5, .ofs_x = 1, .ofs_y = 89},
    {.bitmap_index = 13378, .adv_w = 704, .box_w = 18, .box_h = 18, .ofs_x = 9, .ofs_y = 20},
    {.bitmap_index = 13419, .adv_w = 656, .box_w = 32, .box_h = 42, .ofs_x = 4, .ofs_y = 43},
    {.bitmap_index = 13587, .adv_w = 720, .box_w = 36, .box_h = 59, .ofs_x = 6, .ofs_y = 26},
    {.bitmap_index = 13853, .adv_w = 592, .box_w = 32, .box_h = 42, .ofs_x = 3, .ofs_y = 43},
    {.bitmap_index = 14021, .adv_w = 720, .box_w = 35, .box_h = 59, .ofs_x = 4, .ofs_y = 26},
    {.bitmap_index = 14280, .adv_w = 656, .box_w = 35, .box_h = 42, .ofs_x = 3, .ofs_y = 43},
    {.bitmap_index = 14464, .adv_w = 400, .box_w = 25, .box_h = 59, .ofs_x = 2, .ofs_y = 25},
    {.bitmap_index = 14649, .adv_w = 672, .box_w = 38, .box_h = 59, .ofs_x = 3, .ofs_y = 43},
    {.bitmap_index = 14930, .adv_w = 720, .box_w = 33, .box_h = 58, .ofs_x = 6, .ofs_y = 26},
    {.bitmap_index = 15170, .adv_w = 336, .box_w = 11, .box_h = 57, .ofs_x = 5, .ofs_y = 27},
    {.bitmap_index = 15249, .adv_w = 336, .box_w = 19, .box_h = 74, .ofs_x = -3, .ofs_y = 27},
    {.bitmap_index = 15425, .adv_w = 656, .box_w = 35, .box_h = 58, .ofs_x = 6, .ofs_y = 26},
    {.bitmap_index = 15679, .adv_w = 336, .box_w = 13, .box_h = 58, .ofs_x = 6, .ofs_y = 27},
    {.bitmap_index = 15774, .adv_w = 1088, .box_w = 56, .box_h = 41, .ofs_x = 6, .ofs_y = 43},
    {.bitmap_index = 16061, .adv_w = 720, .box_w = 33, .box_h = 41, .ofs_x = 6, .ofs_y = 43},
    {.bitmap_index = 16231, .adv_w = 704, .box_w = 38, .box_h = 42, .ofs_x = 3, .ofs_y = 43},
    {.bitmap_index = 16431, .adv_w = 720, .box_w = 36, .box_h = 57, .ofs_x = 6, .ofs_y = 43},
    {.bitmap_index = 16688, .adv_w = 720, .box_w = 35, .box_h = 57, .ofs_x = 4, .ofs_y = 43},
    {.bitmap_index = 16938, .adv_w = 464, .box_w = 24, .box_h = 41, .ofs_x = 6, .ofs_y = 43},
    {.bitmap_index = 17061, .adv_w = 560, .box_w = 30, .box_h = 42, .ofs_x = 2, .ofs_y = 43},
    {.bitmap_index = 17219, .adv_w = 464, .box_w = 25, .box_h = 52, .ofs_x = 2, .ofs_y = 33},
    {.bitmap_index = 17382, .adv_w = 720, .box_w = 33, .box_h = 41, .ofs_x = 6, .ofs_y = 44},
    {.bitmap_index = 17552, .adv_w = 624, .box_w = 37, .box_h = 40, .ofs_x = 1, .ofs_y = 44},
    {.bitmap_index = 17737, .adv_w = 960, .box_w = 56, .box_h = 40, .ofs_x = 2, .ofs_y = 44},
    {.bitmap_index = 18017, .adv_w = 608, .box_w = 36, .box_h = 40, .ofs_x = 1, .ofs_y = 44},
    {.bitmap_index = 18197, .adv_w = 624, .box_w = 37, .box_h = 57, .ofs_x = 1, .ofs_y = 44},
    {.bitmap_index = 18461, .adv_w = 560, .box_w = 30, .box_h = 40, .ofs_x = 3, .ofs_y = 44},
    {.bitmap_index = 18611, .adv_w = 416, .box_w = 20, .box_h = 71, .ofs_x = 3, .ofs_y = 26},
    {.bitmap_index = 18789, .adv_w = 320, .box_w = 6, .box_h = 81, .ofs_x = 7, .ofs_y = 23},
    {.bitmap_index = 18850, .adv_w = 416, .box_w = 20, .box_h = 71, .ofs_x = 3, .ofs_y = 26},
    {.bitmap_index = 19028, .adv_w = 656, .box_w = 35, .box_h = 13, .ofs_x = 3, .ofs_y = 51},
    {.bitmap_index = 19085, .adv_w = 448, .box_w = 21, .box_h = 21, .ofs_x = 3, .ofs_y = 29},
    {.bitmap_index = 19141, .adv_w = 1040, .box_w = 58, .box_h = 6, .ofs_x = 3, .ofs_y = 61},
    {.bitmap_index = 19185, .adv_w = 1152, .box_w = 58, .box_h = 10, .ofs_x = 7, .ofs_y = 52},
    {.bitmap_index = 19258, .adv_w = 1152, .box_w = 67, .box_h = 57, .ofs_x = 3, .ofs_y = 29},
};

static const uint16_t unicode_list_0[] = {
    0, 1, 2, 3, 4, 5, 6, 7, 8, 9, 10, 11,
    12, 13, 14, 15, 16, 17, 18, 19, 20, 21, 22, 23,
    24, 25, 26, 27, 28, 29, 30, 31, 32, 33, 34, 35,
    36, 37, 38, 39, 40, 41, 42, 43, 44, 45, 46, 47,
    48, 49, 50, 51, 52, 53, 54, 55, 56, 57, 58, 59,
    60, 61, 62, 63, 64, 65, 66, 67, 68, 69, 70, 71,
    72, 73, 74, 75, 76, 77, 78, 79, 80, 81, 82, 83,
    84, 85, 86, 87, 88, 89, 90, 91, 92, 93, 94, 144,
    8180, 8198, 8419,
};

/*---------------------
 *  CHARACTER MAPPING
 *--------------------*/

static const lv_font_fmt_txt_cmap_t cmaps[] = {
    {
        .range_start = 32, .range_length = 8420, .glyph_id_start = 1,
        .unicode_list = unicode_list_0, .glyph_id_ofs_list = NULL, .list_length = 99, .type = LV_FONT_FMT_TXT_CMAP_SPARSE_TINY
    }
};


/*--------------------
 *  ALL CUSTOM DATA
 *--------------------*/

#if LVGL_VERSION_MAJOR == 8
static lv_font_fmt_txt_glyph_cache_t cache;
#endif

#if LVGL_VERSION_MAJOR >= 8
static const lv_font_fmt_txt_dsc_t font_dsc = {
#else
static lv_font_fmt_txt_dsc_t font_dsc = {
#endif
    .glyph_bitmap = glyph_bitmap,
    .glyph_dsc = glyph_dsc,
    .cmaps = cmaps,
    .kern_dsc = NULL,
    .kern_scale = 0,
    .cmap_num = 1,
    .bpp = 1,
    .kern_classes = 0,
    .bitmap_format = 0,
#if LVGL_VERSION_MAJOR == 8
    .cache = &cache
#endif
};


/*-----------------
 *  PUBLIC FONT
 *----------------*/

#if LVGL_VERSION_MAJOR >= 8
const lv_font_t TempDigits72 = {
#else
lv_font_t TempDigits72 = {
#endif
    .get_glyph_dsc = lv_font_get_glyph_dsc_fmt_txt,
    .get_glyph_bitmap = lv_font_get_bitmap_fmt_txt,
    .line_height = 105,
    .base_line = 21,
#if !(LVGL_VERSION_MAJOR == 6 && LVGL_VERSION_MINOR == 0)
    .subpx = LV_FONT_SUBPX_NONE,
#endif
#if LV_VERSION_CHECK(7, 4, 0) || LVGL_VERSION_MAJOR >= 8
    .underline_position = -1,
    .underline_thickness = 1,
#endif
    .dsc = &font_dsc,
    .fallback = NULL,
    .user_data = NULL
};


#endif /*#if TEMPDIGITS72*/
